2025-07-04 11:16:21,416 - INFO - main - Duplicate entry skipped for user 11768 at 2025-07-03 16:29:29
2025-07-04 11:16:21,429 - INFO - main - Duplicate entry skipped for user 13708 at 2025-07-03 16:29:36
2025-07-04 11:16:21,444 - INFO - main - Duplicate entry skipped for user 8531 at 2025-07-03 16:29:43
2025-07-04 11:16:21,463 - INFO - main - Duplicate entry skipped for user 10049 at 2025-07-03 16:30:19
2025-07-04 11:16:21,479 - INFO - main - Duplicate entry skipped for user 1523 at 2025-07-03 16:30:24
2025-07-04 11:16:21,494 - INFO - main - Duplicate entry skipped for user 1580 at 2025-07-03 16:30:29
2025-07-04 11:16:21,511 - INFO - main - Duplicate entry skipped for user 14194 at 2025-07-03 16:30:33
2025-07-04 11:16:21,523 - INFO - main - Duplicate entry skipped for user 1536 at 2025-07-03 16:30:41
2025-07-04 11:16:21,533 - INFO - main - Duplicate entry skipped for user 14307 at 2025-07-03 16:30:50
2025-07-04 11:16:21,543 - INFO - main - Duplicate entry skipped for user 15037 at 2025-07-03 16:31:01
2025-07-04 11:16:21,563 - INFO - main - Duplicate entry skipped for user 15212 at 2025-07-03 16:31:07
2025-07-04 11:16:21,585 - INFO - main - Duplicate entry skipped for user 13611 at 2025-07-03 16:31:10
2025-07-04 11:16:21,620 - INFO - main - Duplicate entry skipped for user 10091 at 2025-07-03 16:31:31
2025-07-04 11:16:21,657 - INFO - main - Duplicate entry skipped for user 8877 at 2025-07-03 16:31:36
2025-07-04 11:16:21,681 - INFO - main - Duplicate entry skipped for user 10116 at 2025-07-03 16:31:39
2025-07-04 11:16:21,711 - INFO - main - Duplicate entry skipped for user 15325 at 2025-07-03 16:31:42
2025-07-04 11:16:21,737 - INFO - main - Duplicate entry skipped for user 15032 at 2025-07-03 16:31:45
2025-07-04 11:16:21,755 - INFO - main - Duplicate entry skipped for user 13416 at 2025-07-03 16:31:48
2025-07-04 11:16:21,770 - INFO - main - Duplicate entry skipped for user 998 at 2025-07-03 16:32:19
2025-07-04 11:16:21,787 - INFO - main - Duplicate entry skipped for user 14099 at 2025-07-03 16:32:24
2025-07-04 11:16:21,805 - INFO - main - Duplicate entry skipped for user 15043 at 2025-07-03 16:32:28
2025-07-04 11:16:21,817 - INFO - main - Duplicate entry skipped for user 10297 at 2025-07-03 16:32:33
2025-07-04 11:16:21,840 - INFO - main - Duplicate entry skipped for user 10280 at 2025-07-03 16:32:39
2025-07-04 11:16:21,857 - INFO - main - Duplicate entry skipped for user 1296 at 2025-07-03 16:32:46
2025-07-04 11:16:21,873 - INFO - main - Duplicate entry skipped for user 15082 at 2025-07-03 16:32:58
2025-07-04 11:16:21,897 - INFO - main - Duplicate entry skipped for user 3081 at 2025-07-03 16:33:10
2025-07-04 11:16:21,917 - INFO - main - Duplicate entry skipped for user 15041 at 2025-07-03 16:33:50
2025-07-04 11:16:21,966 - INFO - main - Duplicate entry skipped for user 10678 at 2025-07-03 16:33:53
2025-07-04 11:16:22,025 - INFO - main - Duplicate entry skipped for user 330 at 2025-07-03 16:34:02
2025-07-04 11:16:22,054 - INFO - main - Duplicate entry skipped for user 1867 at 2025-07-03 16:34:10
2025-07-04 11:16:22,067 - INFO - main - Duplicate entry skipped for user 1494 at 2025-07-03 16:34:24
2025-07-04 11:16:22,095 - INFO - main - Duplicate entry skipped for user 14932 at 2025-07-03 16:34:43
2025-07-04 11:16:22,114 - INFO - main - Duplicate entry skipped for user 10083 at 2025-07-03 16:34:45
2025-07-04 11:16:22,145 - INFO - main - Duplicate entry skipped for user 3782 at 2025-07-03 16:34:56
2025-07-04 11:16:22,171 - INFO - main - Duplicate entry skipped for user 15042 at 2025-07-03 16:35:20
2025-07-04 11:16:22,189 - INFO - main - Duplicate entry skipped for user 854 at 2025-07-03 16:35:24
2025-07-04 11:16:22,208 - INFO - main - Duplicate entry skipped for user 14588 at 2025-07-03 16:35:30
2025-07-04 11:16:22,231 - INFO - main - Duplicate entry skipped for user 569 at 2025-07-03 16:37:52
2025-07-04 11:16:22,258 - INFO - main - Duplicate entry skipped for user 2240 at 2025-07-03 16:38:10
2025-07-04 11:16:22,277 - INFO - main - Duplicate entry skipped for user 12345 at 2025-07-03 16:39:49
2025-07-04 11:16:22,299 - INFO - main - Duplicate entry skipped for user 11636 at 2025-07-03 16:39:59
2025-07-04 11:16:22,319 - INFO - main - Duplicate entry skipped for user 1907 at 2025-07-03 16:40:48
2025-07-04 11:16:22,332 - INFO - main - Duplicate entry skipped for user 15558 at 2025-07-03 16:41:01
2025-07-04 11:16:22,343 - INFO - main - Duplicate entry skipped for user 15687 at 2025-07-03 16:41:08
2025-07-04 11:16:22,358 - INFO - main - Duplicate entry skipped for user 15643 at 2025-07-03 16:41:13
2025-07-04 11:16:22,377 - INFO - main - Duplicate entry skipped for user 9017 at 2025-07-03 16:43:04
2025-07-04 11:16:22,392 - INFO - main - Duplicate entry skipped for user 15563 at 2025-07-03 16:43:25
2025-07-04 11:16:22,405 - INFO - main - Duplicate entry skipped for user 15630 at 2025-07-03 16:44:36
2025-07-04 11:16:22,423 - INFO - main - Duplicate entry skipped for user 12014 at 2025-07-03 16:46:52
2025-07-04 11:16:22,441 - INFO - main - Duplicate entry skipped for user 48 at 2025-07-03 16:49:32
2025-07-04 11:16:22,472 - INFO - main - Duplicate entry skipped for user 13706 at 2025-07-03 16:52:25
2025-07-04 11:16:22,556 - INFO - main - Duplicate entry skipped for user 11589 at 2025-07-03 17:02:31
2025-07-04 11:16:22,567 - INFO - main - Duplicate entry skipped for user 1452 at 2025-07-03 17:05:44
2025-07-04 11:16:22,580 - INFO - main - Duplicate entry skipped for user 14457 at 2025-07-03 17:08:53
2025-07-04 11:16:22,594 - INFO - main - Duplicate entry skipped for user 11620 at 2025-07-03 17:14:10
2025-07-04 11:16:22,611 - INFO - main - Duplicate entry skipped for user 15698 at 2025-07-03 17:23:47
2025-07-04 11:16:22,625 - INFO - main - Duplicate entry skipped for user 15642 at 2025-07-03 17:31:12
2025-07-04 11:16:22,641 - INFO - main - Duplicate entry skipped for user 9628 at 2025-07-03 17:49:35
2025-07-04 11:16:22,654 - INFO - main - Duplicate entry skipped for user 278 at 2025-07-03 17:52:09
2025-07-04 11:16:22,672 - INFO - main - Duplicate entry skipped for user 14452 at 2025-07-03 17:54:37
2025-07-04 11:16:22,702 - INFO - main - Duplicate entry skipped for user 11582 at 2025-07-03 17:57:10
2025-07-04 11:16:22,715 - INFO - main - Duplicate entry skipped for user 8862 at 2025-07-03 18:33:56
2025-07-04 11:16:22,728 - INFO - main - Duplicate entry skipped for user 10335 at 2025-07-03 18:45:19
2025-07-04 11:16:22,741 - INFO - main - Duplicate entry skipped for user 144 at 2025-07-03 18:58:27
2025-07-04 11:16:22,753 - INFO - main - Duplicate entry skipped for user 1597 at 2025-07-04 05:44:48
2025-07-04 11:16:22,764 - INFO - main - Duplicate entry skipped for user 14187 at 2025-07-04 05:55:57
2025-07-04 11:16:22,776 - INFO - main - Duplicate entry skipped for user 1002 at 2025-07-04 06:30:27
2025-07-04 11:16:22,789 - INFO - main - Duplicate entry skipped for user 1580 at 2025-07-04 06:55:46
2025-07-04 11:16:22,799 - INFO - main - Duplicate entry skipped for user 1296 at 2025-07-04 07:47:34
2025-07-04 11:16:22,812 - INFO - main - Duplicate entry skipped for user 1867 at 2025-07-04 08:15:38
2025-07-04 11:16:22,822 - INFO - main - Duplicate entry skipped for user 10949 at 2025-07-04 08:16:03
2025-07-04 11:16:22,834 - INFO - main - Duplicate entry skipped for user 14099 at 2025-07-04 08:21:40
2025-07-04 11:16:22,846 - INFO - main - Duplicate entry skipped for user 11589 at 2025-07-04 08:23:01
2025-07-04 11:16:22,869 - INFO - main - Duplicate entry skipped for user 15642 at 2025-07-04 08:23:23
2025-07-04 11:16:22,883 - INFO - main - Duplicate entry skipped for user 13708 at 2025-07-04 08:23:41
2025-07-04 11:16:22,908 - INFO - main - Duplicate entry skipped for user 15212 at 2025-07-04 08:23:45
2025-07-04 11:16:22,921 - INFO - main - Duplicate entry skipped for user 10280 at 2025-07-04 08:23:48
2025-07-04 11:16:22,935 - INFO - main - Duplicate entry skipped for user 3081 at 2025-07-04 08:23:55
2025-07-04 11:16:22,952 - INFO - main - Duplicate entry skipped for user 15131 at 2025-07-04 08:24:06
2025-07-04 11:16:22,966 - INFO - main - Duplicate entry skipped for user 1982 at 2025-07-04 08:24:22
2025-07-04 11:16:22,978 - INFO - main - Duplicate entry skipped for user 13611 at 2025-07-04 08:28:47
2025-07-04 11:16:22,989 - INFO - main - Duplicate entry skipped for user 11768 at 2025-07-04 08:29:36
2025-07-04 11:16:23,002 - INFO - main - Duplicate entry skipped for user 8877 at 2025-07-04 08:29:54
2025-07-04 11:16:23,023 - INFO - main - Duplicate entry skipped for user 14307 at 2025-07-04 08:30:01
2025-07-04 11:16:23,037 - INFO - main - Duplicate entry skipped for user 998 at 2025-07-04 08:32:02
2025-07-04 11:16:23,056 - INFO - main - Duplicate entry skipped for user 1000 at 2025-07-04 08:32:08
2025-07-04 11:16:23,074 - INFO - main - Duplicate entry skipped for user 15082 at 2025-07-04 08:32:20
2025-07-04 11:16:23,089 - INFO - main - Duplicate entry skipped for user 1523 at 2025-07-04 08:32:23
2025-07-04 11:16:23,105 - INFO - main - Duplicate entry skipped for user 15325 at 2025-07-04 08:32:28
2025-07-04 11:16:23,121 - INFO - main - Duplicate entry skipped for user 15032 at 2025-07-04 08:32:30
2025-07-04 11:16:23,138 - INFO - main - Duplicate entry skipped for user 15043 at 2025-07-04 08:32:33
2025-07-04 11:16:23,153 - INFO - main - Duplicate entry skipped for user 15638 at 2025-07-04 08:33:21
2025-07-04 11:16:23,169 - INFO - main - Duplicate entry skipped for user 11636 at 2025-07-04 08:33:39
2025-07-04 11:16:23,186 - INFO - main - Duplicate entry skipped for user 3311 at 2025-07-04 08:33:58
2025-07-04 11:16:23,203 - INFO - main - Duplicate entry skipped for user 13416 at 2025-07-04 08:34:38
2025-07-04 11:16:23,215 - INFO - main - Duplicate entry skipped for user 14932 at 2025-07-04 08:35:17
2025-07-04 11:16:23,229 - INFO - main - Duplicate entry skipped for user 15558 at 2025-07-04 08:36:38
2025-07-04 11:16:23,241 - INFO - main - Duplicate entry skipped for user 14195 at 2025-07-04 08:36:51
2025-07-04 11:16:23,256 - INFO - main - Duplicate entry skipped for user 9017 at 2025-07-04 08:37:18
2025-07-04 11:16:23,272 - INFO - main - Duplicate entry skipped for user 14329 at 2025-07-04 08:38:30
2025-07-04 11:16:23,283 - INFO - main - Duplicate entry skipped for user 10678 at 2025-07-04 08:40:57
2025-07-04 11:16:23,297 - INFO - main - Duplicate entry skipped for user 12014 at 2025-07-04 08:41:00
2025-07-04 11:16:23,309 - INFO - main - Duplicate entry skipped for user 12345 at 2025-07-04 08:41:17
2025-07-04 11:16:23,325 - INFO - main - Duplicate entry skipped for user 15687 at 2025-07-04 08:41:22
2025-07-04 11:16:23,350 - INFO - main - Duplicate entry skipped for user 15643 at 2025-07-04 08:41:27
2025-07-04 11:16:23,377 - INFO - main - Duplicate entry skipped for user 569 at 2025-07-04 08:41:45
2025-07-04 11:16:23,390 - INFO - main - Duplicate entry skipped for user 3782 at 2025-07-04 08:42:14
2025-07-04 11:16:23,403 - INFO - main - Duplicate entry skipped for user 48 at 2025-07-04 08:42:21
2025-07-04 11:16:23,445 - INFO - main - Duplicate entry skipped for user 857 at 2025-07-04 08:43:29
2025-07-04 11:16:23,460 - INFO - main - Duplicate entry skipped for user 15037 at 2025-07-04 08:43:32
2025-07-04 11:16:23,495 - INFO - main - Duplicate entry skipped for user 2240 at 2025-07-04 08:45:53
2025-07-04 11:16:23,507 - INFO - main - Duplicate entry skipped for user 10091 at 2025-07-04 08:49:50
2025-07-04 11:16:23,518 - INFO - main - Duplicate entry skipped for user 10297 at 2025-07-04 08:51:47
2025-07-04 11:16:23,528 - INFO - main - Duplicate entry skipped for user 15041 at 2025-07-04 08:53:07
2025-07-04 11:16:23,548 - INFO - main - Duplicate entry skipped for user 1536 at 2025-07-04 08:53:23
2025-07-04 11:16:23,567 - INFO - main - Duplicate entry skipped for user 8531 at 2025-07-04 08:53:36
2025-07-04 11:16:23,577 - INFO - main - Duplicate entry skipped for user 13706 at 2025-07-04 08:53:43
2025-07-04 11:16:23,590 - INFO - main - Duplicate entry skipped for user 11582 at 2025-07-04 08:53:55
2025-07-04 11:16:23,613 - INFO - main - Duplicate entry skipped for user 1907 at 2025-07-04 08:54:12
2025-07-04 11:16:23,624 - INFO - main - Duplicate entry skipped for user 15630 at 2025-07-04 08:55:05
2025-07-04 11:16:23,642 - INFO - main - Duplicate entry skipped for user 10049 at 2025-07-04 08:55:22
2025-07-04 11:16:23,657 - INFO - main - Duplicate entry skipped for user 8862 at 2025-07-04 08:55:41
2025-07-04 11:16:23,681 - INFO - main - Duplicate entry skipped for user 14588 at 2025-07-04 08:56:17
2025-07-04 11:16:23,694 - INFO - main - Duplicate entry skipped for user 11620 at 2025-07-04 08:56:40
2025-07-04 11:16:23,712 - INFO - main - Duplicate entry skipped for user 854 at 2025-07-04 08:56:46
2025-07-04 11:16:23,728 - INFO - main - Duplicate entry skipped for user 2048 at 2025-07-04 08:57:26
2025-07-04 11:16:23,754 - INFO - main - Duplicate entry skipped for user 8279 at 2025-07-04 08:58:19
2025-07-04 11:16:23,771 - INFO - main - Duplicate entry skipped for user 1603 at 2025-07-04 08:59:29
2025-07-04 11:16:23,782 - INFO - main - Duplicate entry skipped for user 1452 at 2025-07-04 08:59:41
2025-07-04 11:16:23,792 - INFO - main - Duplicate entry skipped for user 11495 at 2025-07-04 08:59:48
2025-07-04 11:16:23,805 - INFO - main - Duplicate entry skipped for user 14330 at 2025-07-04 09:00:19
2025-07-04 11:16:23,822 - INFO - main - Duplicate entry skipped for user 15698 at 2025-07-04 09:01:51
2025-07-04 11:16:23,838 - INFO - main - Duplicate entry skipped for user 14457 at 2025-07-04 09:02:06
2025-07-04 11:16:23,849 - INFO - main - Duplicate entry skipped for user 13529 at 2025-07-04 09:04:41
2025-07-04 11:16:23,865 - INFO - main - Duplicate entry skipped for user 1292 at 2025-07-04 09:07:44
2025-07-04 11:16:23,896 - INFO - main - Duplicate entry skipped for user 8868 at 2025-07-04 09:07:54
2025-07-04 11:16:23,915 - INFO - main - Duplicate entry skipped for user 9628 at 2025-07-04 09:17:13
2025-07-04 11:16:23,940 - INFO - main - Duplicate entry skipped for user 10407 at 2025-07-04 09:17:30
2025-07-04 11:16:23,962 - INFO - main - Duplicate entry skipped for user 15563 at 2025-07-04 09:29:46
2025-07-04 11:16:23,978 - INFO - main - Duplicate entry skipped for user 10083 at 2025-07-04 10:08:25
2025-07-04 11:16:24,053 - INFO - main - Attendance records stored in database successfully
2025-07-04 11:16:24,056 - INFO - main - Attendance records fetched successfully
2025-07-04 11:16:24,088 - INFO - main - Disconnected from device
2025-07-04 11:16:24,863 - INFO - main - Duplicate entry skipped for user 1869 at 2025-07-03 16:29:17
2025-07-04 11:16:24,878 - INFO - main - Duplicate entry skipped for user 1446 at 2025-07-03 16:30:28
2025-07-04 11:16:24,901 - INFO - main - Duplicate entry skipped for user 10407 at 2025-07-03 16:30:34
2025-07-04 11:16:24,913 - INFO - main - Duplicate entry skipped for user 8035 at 2025-07-03 16:31:07
2025-07-04 11:16:24,935 - INFO - main - Duplicate entry skipped for user 1001 at 2025-07-03 16:32:15
2025-07-04 11:16:24,949 - INFO - main - Duplicate entry skipped for user 15471 at 2025-07-03 16:32:24
2025-07-04 11:16:24,961 - INFO - main - Duplicate entry skipped for user 1576 at 2025-07-03 16:32:52
2025-07-04 11:16:24,972 - INFO - main - Duplicate entry skipped for user 11762 at 2025-07-03 16:33:41
2025-07-04 11:16:24,989 - INFO - main - Duplicate entry skipped for user 9748 at 2025-07-03 16:38:02
2025-07-04 11:16:25,002 - INFO - main - Duplicate entry skipped for user 1170 at 2025-07-03 16:42:33
2025-07-04 11:16:25,017 - INFO - main - Duplicate entry skipped for user 8102 at 2025-07-03 16:44:20
2025-07-04 11:16:25,028 - INFO - main - Duplicate entry skipped for user 11471 at 2025-07-03 16:47:02
2025-07-04 11:16:25,049 - INFO - main - Duplicate entry skipped for user 13278 at 2025-07-03 16:49:27
2025-07-04 11:16:25,060 - INFO - main - Duplicate entry skipped for user 9018 at 2025-07-03 16:51:18
2025-07-04 11:16:25,072 - INFO - main - Duplicate entry skipped for user 11554 at 2025-07-03 16:55:42
2025-07-04 11:16:25,084 - INFO - main - Duplicate entry skipped for user 13932 at 2025-07-03 18:42:03
2025-07-04 11:16:25,099 - INFO - main - Duplicate entry skipped for user 2048 at 2025-07-03 22:47:05
2025-07-04 11:16:25,116 - INFO - main - Duplicate entry skipped for user 1002 at 2025-07-04 06:25:37
2025-07-04 11:16:25,135 - INFO - main - Duplicate entry skipped for user 1291 at 2025-07-04 06:44:15
2025-07-04 11:16:25,145 - INFO - main - Duplicate entry skipped for user 13118 at 2025-07-04 06:45:02
2025-07-04 11:16:25,158 - INFO - main - Duplicate entry skipped for user 1001 at 2025-07-04 07:16:50
2025-07-04 11:16:25,171 - INFO - main - Duplicate entry skipped for user 840 at 2025-07-04 07:54:37
2025-07-04 11:16:25,188 - INFO - main - Duplicate entry skipped for user 13932 at 2025-07-04 08:17:30
2025-07-04 11:16:25,208 - INFO - main - Duplicate entry skipped for user 1412 at 2025-07-04 08:23:42
2025-07-04 11:16:25,235 - INFO - main - Duplicate entry skipped for user 5080 at 2025-07-04 08:28:57
2025-07-04 11:16:25,331 - INFO - main - Duplicate entry skipped for user 13279 at 2025-07-04 08:29:41
2025-07-04 11:16:25,349 - INFO - main - Duplicate entry skipped for user 10116 at 2025-07-04 08:29:50
2025-07-04 11:16:25,381 - INFO - main - Duplicate entry skipped for user 9018 at 2025-07-04 08:31:52
2025-07-04 11:16:25,394 - INFO - main - Duplicate entry skipped for user 13278 at 2025-07-04 08:31:55
2025-07-04 11:16:25,405 - INFO - main - Duplicate entry skipped for user 10000 at 2025-07-04 08:32:05
2025-07-04 11:16:25,417 - INFO - main - Duplicate entry skipped for user 1599 at 2025-07-04 08:32:12
2025-07-04 11:16:25,440 - INFO - main - Duplicate entry skipped for user 15042 at 2025-07-04 08:32:16
2025-07-04 11:16:25,456 - INFO - main - Duplicate entry skipped for user 1446 at 2025-07-04 08:35:07
2025-07-04 11:16:25,471 - INFO - main - Duplicate entry skipped for user 1170 at 2025-07-04 08:35:13
2025-07-04 11:16:25,490 - INFO - main - Duplicate entry skipped for user 8035 at 2025-07-04 08:35:16
2025-07-04 11:16:25,507 - INFO - main - Duplicate entry skipped for user 11554 at 2025-07-04 08:39:06
2025-07-04 11:16:25,526 - INFO - main - Duplicate entry skipped for user 8102 at 2025-07-04 08:46:59
2025-07-04 11:16:25,546 - INFO - main - Duplicate entry skipped for user 9748 at 2025-07-04 08:48:34
2025-07-04 11:16:25,562 - INFO - main - Duplicate entry skipped for user 10335 at 2025-07-04 08:49:30
2025-07-04 11:16:25,577 - INFO - main - Duplicate entry skipped for user 11471 at 2025-07-04 08:57:18
2025-07-04 11:16:25,596 - INFO - main - Duplicate entry skipped for user 11762 at 2025-07-04 08:57:52
2025-07-04 11:16:25,609 - INFO - main - Duplicate entry skipped for user 1869 at 2025-07-04 08:59:09
2025-07-04 11:16:25,614 - INFO - main - Attendance records stored in database successfully
2025-07-04 11:16:25,614 - INFO - main - Attendance records fetched successfully
2025-07-04 11:16:25,658 - INFO - main - Disconnected from device
2025-07-04 11:21:21,141 - INFO - main - Duplicate entry skipped for user 11768 at 2025-07-03 16:29:29
2025-07-04 11:21:21,153 - INFO - main - Duplicate entry skipped for user 13708 at 2025-07-03 16:29:36
2025-07-04 11:21:21,166 - INFO - main - Duplicate entry skipped for user 8531 at 2025-07-03 16:29:43
2025-07-04 11:21:21,203 - INFO - main - Duplicate entry skipped for user 10049 at 2025-07-03 16:30:19
2025-07-04 11:21:21,216 - INFO - main - Duplicate entry skipped for user 1523 at 2025-07-03 16:30:24
2025-07-04 11:21:21,229 - INFO - main - Duplicate entry skipped for user 1580 at 2025-07-03 16:30:29
2025-07-04 11:21:21,243 - INFO - main - Duplicate entry skipped for user 14194 at 2025-07-03 16:30:33
2025-07-04 11:21:21,256 - INFO - main - Duplicate entry skipped for user 1536 at 2025-07-03 16:30:41
2025-07-04 11:21:21,291 - INFO - main - Duplicate entry skipped for user 14307 at 2025-07-03 16:30:50
2025-07-04 11:21:21,309 - INFO - main - Duplicate entry skipped for user 15037 at 2025-07-03 16:31:01
2025-07-04 11:21:21,324 - INFO - main - Duplicate entry skipped for user 15212 at 2025-07-03 16:31:07
2025-07-04 11:21:21,340 - INFO - main - Duplicate entry skipped for user 13611 at 2025-07-03 16:31:10
2025-07-04 11:21:21,355 - INFO - main - Duplicate entry skipped for user 10091 at 2025-07-03 16:31:31
2025-07-04 11:21:21,369 - INFO - main - Duplicate entry skipped for user 8877 at 2025-07-03 16:31:36
2025-07-04 11:21:21,381 - INFO - main - Duplicate entry skipped for user 10116 at 2025-07-03 16:31:39
2025-07-04 11:21:21,392 - INFO - main - Duplicate entry skipped for user 15325 at 2025-07-03 16:31:42
2025-07-04 11:21:21,407 - INFO - main - Duplicate entry skipped for user 15032 at 2025-07-03 16:31:45
2025-07-04 11:21:21,420 - INFO - main - Duplicate entry skipped for user 13416 at 2025-07-03 16:31:48
2025-07-04 11:21:21,434 - INFO - main - Duplicate entry skipped for user 998 at 2025-07-03 16:32:19
2025-07-04 11:21:21,446 - INFO - main - Duplicate entry skipped for user 14099 at 2025-07-03 16:32:24
2025-07-04 11:21:21,458 - INFO - main - Duplicate entry skipped for user 15043 at 2025-07-03 16:32:28
2025-07-04 11:21:21,471 - INFO - main - Duplicate entry skipped for user 10297 at 2025-07-03 16:32:33
2025-07-04 11:21:21,485 - INFO - main - Duplicate entry skipped for user 10280 at 2025-07-03 16:32:39
2025-07-04 11:21:21,499 - INFO - main - Duplicate entry skipped for user 1296 at 2025-07-03 16:32:46
2025-07-04 11:21:21,515 - INFO - main - Duplicate entry skipped for user 15082 at 2025-07-03 16:32:58
2025-07-04 11:21:21,531 - INFO - main - Duplicate entry skipped for user 3081 at 2025-07-03 16:33:10
2025-07-04 11:21:21,544 - INFO - main - Duplicate entry skipped for user 15041 at 2025-07-03 16:33:50
2025-07-04 11:21:21,561 - INFO - main - Duplicate entry skipped for user 10678 at 2025-07-03 16:33:53
2025-07-04 11:21:21,573 - INFO - main - Duplicate entry skipped for user 330 at 2025-07-03 16:34:02
2025-07-04 11:21:21,589 - INFO - main - Duplicate entry skipped for user 1867 at 2025-07-03 16:34:10
2025-07-04 11:21:21,606 - INFO - main - Duplicate entry skipped for user 1494 at 2025-07-03 16:34:24
2025-07-04 11:21:21,622 - INFO - main - Duplicate entry skipped for user 14932 at 2025-07-03 16:34:43
2025-07-04 11:21:21,643 - INFO - main - Duplicate entry skipped for user 10083 at 2025-07-03 16:34:45
2025-07-04 11:21:21,658 - INFO - main - Duplicate entry skipped for user 3782 at 2025-07-03 16:34:56
2025-07-04 11:21:21,677 - INFO - main - Duplicate entry skipped for user 15042 at 2025-07-03 16:35:20
2025-07-04 11:21:21,689 - INFO - main - Duplicate entry skipped for user 854 at 2025-07-03 16:35:24
2025-07-04 11:21:21,705 - INFO - main - Duplicate entry skipped for user 14588 at 2025-07-03 16:35:30
2025-07-04 11:21:21,716 - INFO - main - Duplicate entry skipped for user 569 at 2025-07-03 16:37:52
2025-07-04 11:21:21,729 - INFO - main - Duplicate entry skipped for user 2240 at 2025-07-03 16:38:10
2025-07-04 11:21:21,741 - INFO - main - Duplicate entry skipped for user 12345 at 2025-07-03 16:39:49
2025-07-04 11:21:21,758 - INFO - main - Duplicate entry skipped for user 11636 at 2025-07-03 16:39:59
2025-07-04 11:21:21,771 - INFO - main - Duplicate entry skipped for user 1907 at 2025-07-03 16:40:48
2025-07-04 11:21:21,783 - INFO - main - Duplicate entry skipped for user 15558 at 2025-07-03 16:41:01
2025-07-04 11:21:21,800 - INFO - main - Duplicate entry skipped for user 15687 at 2025-07-03 16:41:08
2025-07-04 11:21:21,874 - INFO - main - Duplicate entry skipped for user 15643 at 2025-07-03 16:41:13
2025-07-04 11:21:21,889 - INFO - main - Duplicate entry skipped for user 9017 at 2025-07-03 16:43:04
2025-07-04 11:21:21,905 - INFO - main - Duplicate entry skipped for user 15563 at 2025-07-03 16:43:25
2025-07-04 11:21:21,918 - INFO - main - Duplicate entry skipped for user 15630 at 2025-07-03 16:44:36
2025-07-04 11:21:21,931 - INFO - main - Duplicate entry skipped for user 12014 at 2025-07-03 16:46:52
2025-07-04 11:21:21,946 - INFO - main - Duplicate entry skipped for user 48 at 2025-07-03 16:49:32
2025-07-04 11:21:21,961 - INFO - main - Duplicate entry skipped for user 13706 at 2025-07-03 16:52:25
2025-07-04 11:21:21,976 - INFO - main - Duplicate entry skipped for user 11589 at 2025-07-03 17:02:31
2025-07-04 11:21:21,987 - INFO - main - Duplicate entry skipped for user 1452 at 2025-07-03 17:05:44
2025-07-04 11:21:22,000 - INFO - main - Duplicate entry skipped for user 14457 at 2025-07-03 17:08:53
2025-07-04 11:21:22,012 - INFO - main - Duplicate entry skipped for user 11620 at 2025-07-03 17:14:10
2025-07-04 11:21:22,023 - INFO - main - Duplicate entry skipped for user 15698 at 2025-07-03 17:23:47
2025-07-04 11:21:22,039 - INFO - main - Duplicate entry skipped for user 15642 at 2025-07-03 17:31:12
2025-07-04 11:21:22,049 - INFO - main - Duplicate entry skipped for user 9628 at 2025-07-03 17:49:35
2025-07-04 11:21:22,090 - INFO - main - Duplicate entry skipped for user 278 at 2025-07-03 17:52:09
2025-07-04 11:21:22,107 - INFO - main - Duplicate entry skipped for user 14452 at 2025-07-03 17:54:37
2025-07-04 11:21:22,123 - INFO - main - Duplicate entry skipped for user 11582 at 2025-07-03 17:57:10
2025-07-04 11:21:22,140 - INFO - main - Duplicate entry skipped for user 8862 at 2025-07-03 18:33:56
2025-07-04 11:21:22,154 - INFO - main - Duplicate entry skipped for user 10335 at 2025-07-03 18:45:19
2025-07-04 11:21:22,172 - INFO - main - Duplicate entry skipped for user 144 at 2025-07-03 18:58:27
2025-07-04 11:21:22,187 - INFO - main - Duplicate entry skipped for user 1597 at 2025-07-04 05:44:48
2025-07-04 11:21:22,203 - INFO - main - Duplicate entry skipped for user 14187 at 2025-07-04 05:55:57
2025-07-04 11:21:22,217 - INFO - main - Duplicate entry skipped for user 1002 at 2025-07-04 06:30:27
2025-07-04 11:21:22,229 - INFO - main - Duplicate entry skipped for user 1580 at 2025-07-04 06:55:46
2025-07-04 11:21:22,247 - INFO - main - Duplicate entry skipped for user 1296 at 2025-07-04 07:47:34
2025-07-04 11:21:22,261 - INFO - main - Duplicate entry skipped for user 1867 at 2025-07-04 08:15:38
2025-07-04 11:21:22,283 - INFO - main - Duplicate entry skipped for user 10949 at 2025-07-04 08:16:03
2025-07-04 11:21:22,297 - INFO - main - Duplicate entry skipped for user 14099 at 2025-07-04 08:21:40
2025-07-04 11:21:22,311 - INFO - main - Duplicate entry skipped for user 11589 at 2025-07-04 08:23:01
2025-07-04 11:21:22,325 - INFO - main - Duplicate entry skipped for user 15642 at 2025-07-04 08:23:23
2025-07-04 11:21:22,345 - INFO - main - Duplicate entry skipped for user 13708 at 2025-07-04 08:23:41
2025-07-04 11:21:22,377 - INFO - main - Duplicate entry skipped for user 15212 at 2025-07-04 08:23:45
2025-07-04 11:21:22,392 - INFO - main - Duplicate entry skipped for user 10280 at 2025-07-04 08:23:48
2025-07-04 11:21:22,412 - INFO - main - Duplicate entry skipped for user 3081 at 2025-07-04 08:23:55
2025-07-04 11:21:22,438 - INFO - main - Duplicate entry skipped for user 15131 at 2025-07-04 08:24:06
2025-07-04 11:21:22,467 - INFO - main - Duplicate entry skipped for user 1982 at 2025-07-04 08:24:22
2025-07-04 11:21:22,490 - INFO - main - Duplicate entry skipped for user 13611 at 2025-07-04 08:28:47
2025-07-04 11:21:22,512 - INFO - main - Duplicate entry skipped for user 11768 at 2025-07-04 08:29:36
2025-07-04 11:21:22,527 - INFO - main - Duplicate entry skipped for user 8877 at 2025-07-04 08:29:54
2025-07-04 11:21:22,541 - INFO - main - Duplicate entry skipped for user 14307 at 2025-07-04 08:30:01
2025-07-04 11:21:22,554 - INFO - main - Duplicate entry skipped for user 998 at 2025-07-04 08:32:02
2025-07-04 11:21:22,570 - INFO - main - Duplicate entry skipped for user 1000 at 2025-07-04 08:32:08
2025-07-04 11:21:22,583 - INFO - main - Duplicate entry skipped for user 15082 at 2025-07-04 08:32:20
2025-07-04 11:21:22,597 - INFO - main - Duplicate entry skipped for user 1523 at 2025-07-04 08:32:23
2025-07-04 11:21:22,622 - INFO - main - Duplicate entry skipped for user 15325 at 2025-07-04 08:32:28
2025-07-04 11:21:22,643 - INFO - main - Duplicate entry skipped for user 15032 at 2025-07-04 08:32:30
2025-07-04 11:21:22,655 - INFO - main - Duplicate entry skipped for user 15043 at 2025-07-04 08:32:33
2025-07-04 11:21:22,667 - INFO - main - Duplicate entry skipped for user 15638 at 2025-07-04 08:33:21
2025-07-04 11:21:22,680 - INFO - main - Duplicate entry skipped for user 11636 at 2025-07-04 08:33:39
2025-07-04 11:21:22,694 - INFO - main - Duplicate entry skipped for user 3311 at 2025-07-04 08:33:58
2025-07-04 11:21:22,706 - INFO - main - Duplicate entry skipped for user 13416 at 2025-07-04 08:34:38
2025-07-04 11:21:22,718 - INFO - main - Duplicate entry skipped for user 14932 at 2025-07-04 08:35:17
2025-07-04 11:21:22,733 - INFO - main - Duplicate entry skipped for user 15558 at 2025-07-04 08:36:38
2025-07-04 11:21:22,744 - INFO - main - Duplicate entry skipped for user 14195 at 2025-07-04 08:36:51
2025-07-04 11:21:22,755 - INFO - main - Duplicate entry skipped for user 9017 at 2025-07-04 08:37:18
2025-07-04 11:21:22,768 - INFO - main - Duplicate entry skipped for user 14329 at 2025-07-04 08:38:30
2025-07-04 11:21:22,778 - INFO - main - Duplicate entry skipped for user 10678 at 2025-07-04 08:40:57
2025-07-04 11:21:22,789 - INFO - main - Duplicate entry skipped for user 12014 at 2025-07-04 08:41:00
2025-07-04 11:21:22,801 - INFO - main - Duplicate entry skipped for user 12345 at 2025-07-04 08:41:17
2025-07-04 11:21:22,815 - INFO - main - Duplicate entry skipped for user 15687 at 2025-07-04 08:41:22
2025-07-04 11:21:22,828 - INFO - main - Duplicate entry skipped for user 15643 at 2025-07-04 08:41:27
2025-07-04 11:21:22,844 - INFO - main - Duplicate entry skipped for user 569 at 2025-07-04 08:41:45
2025-07-04 11:21:22,863 - INFO - main - Duplicate entry skipped for user 3782 at 2025-07-04 08:42:14
2025-07-04 11:21:22,879 - INFO - main - Duplicate entry skipped for user 48 at 2025-07-04 08:42:21
2025-07-04 11:21:22,891 - INFO - main - Duplicate entry skipped for user 857 at 2025-07-04 08:43:29
2025-07-04 11:21:22,903 - INFO - main - Duplicate entry skipped for user 15037 at 2025-07-04 08:43:32
2025-07-04 11:21:22,925 - INFO - main - Duplicate entry skipped for user 2240 at 2025-07-04 08:45:53
2025-07-04 11:21:22,940 - INFO - main - Duplicate entry skipped for user 10091 at 2025-07-04 08:49:50
2025-07-04 11:21:22,964 - INFO - main - Duplicate entry skipped for user 10297 at 2025-07-04 08:51:47
2025-07-04 11:21:22,981 - INFO - main - Duplicate entry skipped for user 15041 at 2025-07-04 08:53:07
2025-07-04 11:21:22,994 - INFO - main - Duplicate entry skipped for user 1536 at 2025-07-04 08:53:23
2025-07-04 11:21:23,005 - INFO - main - Duplicate entry skipped for user 8531 at 2025-07-04 08:53:36
2025-07-04 11:21:23,018 - INFO - main - Duplicate entry skipped for user 13706 at 2025-07-04 08:53:43
2025-07-04 11:21:23,032 - INFO - main - Duplicate entry skipped for user 11582 at 2025-07-04 08:53:55
2025-07-04 11:21:23,045 - INFO - main - Duplicate entry skipped for user 1907 at 2025-07-04 08:54:12
2025-07-04 11:21:23,057 - INFO - main - Duplicate entry skipped for user 15630 at 2025-07-04 08:55:05
2025-07-04 11:21:23,067 - INFO - main - Duplicate entry skipped for user 10049 at 2025-07-04 08:55:22
2025-07-04 11:21:23,081 - INFO - main - Duplicate entry skipped for user 8862 at 2025-07-04 08:55:41
2025-07-04 11:21:23,096 - INFO - main - Duplicate entry skipped for user 14588 at 2025-07-04 08:56:17
2025-07-04 11:21:23,107 - INFO - main - Duplicate entry skipped for user 11620 at 2025-07-04 08:56:40
2025-07-04 11:21:23,120 - INFO - main - Duplicate entry skipped for user 854 at 2025-07-04 08:56:46
2025-07-04 11:21:23,132 - INFO - main - Duplicate entry skipped for user 2048 at 2025-07-04 08:57:26
2025-07-04 11:21:23,149 - INFO - main - Duplicate entry skipped for user 8279 at 2025-07-04 08:58:19
2025-07-04 11:21:23,162 - INFO - main - Duplicate entry skipped for user 1603 at 2025-07-04 08:59:29
2025-07-04 11:21:23,174 - INFO - main - Duplicate entry skipped for user 1452 at 2025-07-04 08:59:41
2025-07-04 11:21:23,186 - INFO - main - Duplicate entry skipped for user 11495 at 2025-07-04 08:59:48
2025-07-04 11:21:23,198 - INFO - main - Duplicate entry skipped for user 14330 at 2025-07-04 09:00:19
2025-07-04 11:21:23,210 - INFO - main - Duplicate entry skipped for user 15698 at 2025-07-04 09:01:51
2025-07-04 11:21:23,224 - INFO - main - Duplicate entry skipped for user 14457 at 2025-07-04 09:02:06
2025-07-04 11:21:23,239 - INFO - main - Duplicate entry skipped for user 13529 at 2025-07-04 09:04:41
2025-07-04 11:21:23,250 - INFO - main - Duplicate entry skipped for user 1292 at 2025-07-04 09:07:44
2025-07-04 11:21:23,262 - INFO - main - Duplicate entry skipped for user 8868 at 2025-07-04 09:07:54
2025-07-04 11:21:23,283 - INFO - main - Duplicate entry skipped for user 9628 at 2025-07-04 09:17:13
2025-07-04 11:21:23,296 - INFO - main - Duplicate entry skipped for user 10407 at 2025-07-04 09:17:30
2025-07-04 11:21:23,311 - INFO - main - Duplicate entry skipped for user 15563 at 2025-07-04 09:29:46
2025-07-04 11:21:23,322 - INFO - main - Duplicate entry skipped for user 10083 at 2025-07-04 10:08:25
2025-07-04 11:21:23,334 - INFO - main - Duplicate entry skipped for user 1000 at 2025-07-04 11:19:29
2025-07-04 11:21:23,342 - INFO - main - Attendance records stored in database successfully
2025-07-04 11:21:23,343 - INFO - main - Attendance records fetched successfully
2025-07-04 11:21:23,381 - INFO - main - Disconnected from device
2025-07-04 11:21:24,090 - INFO - main - Duplicate entry skipped for user 1869 at 2025-07-03 16:29:17
2025-07-04 11:21:24,100 - INFO - main - Duplicate entry skipped for user 1446 at 2025-07-03 16:30:28
2025-07-04 11:21:24,115 - INFO - main - Duplicate entry skipped for user 10407 at 2025-07-03 16:30:34
2025-07-04 11:21:24,139 - INFO - main - Duplicate entry skipped for user 8035 at 2025-07-03 16:31:07
2025-07-04 11:21:24,160 - INFO - main - Duplicate entry skipped for user 1001 at 2025-07-03 16:32:15
2025-07-04 11:21:24,186 - INFO - main - Duplicate entry skipped for user 15471 at 2025-07-03 16:32:24
2025-07-04 11:21:24,198 - INFO - main - Duplicate entry skipped for user 1576 at 2025-07-03 16:32:52
2025-07-04 11:21:24,214 - INFO - main - Duplicate entry skipped for user 11762 at 2025-07-03 16:33:41
2025-07-04 11:21:24,233 - INFO - main - Duplicate entry skipped for user 9748 at 2025-07-03 16:38:02
2025-07-04 11:21:24,246 - INFO - main - Duplicate entry skipped for user 1170 at 2025-07-03 16:42:33
2025-07-04 11:21:24,259 - INFO - main - Duplicate entry skipped for user 8102 at 2025-07-03 16:44:20
2025-07-04 11:21:24,269 - INFO - main - Duplicate entry skipped for user 11471 at 2025-07-03 16:47:02
2025-07-04 11:21:24,283 - INFO - main - Duplicate entry skipped for user 13278 at 2025-07-03 16:49:27
2025-07-04 11:21:24,304 - INFO - main - Duplicate entry skipped for user 9018 at 2025-07-03 16:51:18
2025-07-04 11:21:24,318 - INFO - main - Duplicate entry skipped for user 11554 at 2025-07-03 16:55:42
2025-07-04 11:21:24,334 - INFO - main - Duplicate entry skipped for user 13932 at 2025-07-03 18:42:03
2025-07-04 11:21:24,348 - INFO - main - Duplicate entry skipped for user 2048 at 2025-07-03 22:47:05
2025-07-04 11:21:24,360 - INFO - main - Duplicate entry skipped for user 1002 at 2025-07-04 06:25:37
2025-07-04 11:21:24,373 - INFO - main - Duplicate entry skipped for user 1291 at 2025-07-04 06:44:15
2025-07-04 11:21:24,383 - INFO - main - Duplicate entry skipped for user 13118 at 2025-07-04 06:45:02
2025-07-04 11:21:24,397 - INFO - main - Duplicate entry skipped for user 1001 at 2025-07-04 07:16:50
2025-07-04 11:21:24,416 - INFO - main - Duplicate entry skipped for user 840 at 2025-07-04 07:54:37
2025-07-04 11:21:24,428 - INFO - main - Duplicate entry skipped for user 13932 at 2025-07-04 08:17:30
2025-07-04 11:21:24,439 - INFO - main - Duplicate entry skipped for user 1412 at 2025-07-04 08:23:42
2025-07-04 11:21:24,455 - INFO - main - Duplicate entry skipped for user 5080 at 2025-07-04 08:28:57
2025-07-04 11:21:24,467 - INFO - main - Duplicate entry skipped for user 13279 at 2025-07-04 08:29:41
2025-07-04 11:21:24,479 - INFO - main - Duplicate entry skipped for user 10116 at 2025-07-04 08:29:50
2025-07-04 11:21:24,491 - INFO - main - Duplicate entry skipped for user 9018 at 2025-07-04 08:31:52
2025-07-04 11:21:24,503 - INFO - main - Duplicate entry skipped for user 13278 at 2025-07-04 08:31:55
2025-07-04 11:21:24,525 - INFO - main - Duplicate entry skipped for user 10000 at 2025-07-04 08:32:05
2025-07-04 11:21:24,537 - INFO - main - Duplicate entry skipped for user 1599 at 2025-07-04 08:32:12
2025-07-04 11:21:24,549 - INFO - main - Duplicate entry skipped for user 15042 at 2025-07-04 08:32:16
2025-07-04 11:21:24,562 - INFO - main - Duplicate entry skipped for user 1446 at 2025-07-04 08:35:07
2025-07-04 11:21:24,575 - INFO - main - Duplicate entry skipped for user 1170 at 2025-07-04 08:35:13
2025-07-04 11:21:24,587 - INFO - main - Duplicate entry skipped for user 8035 at 2025-07-04 08:35:16
2025-07-04 11:21:24,598 - INFO - main - Duplicate entry skipped for user 11554 at 2025-07-04 08:39:06
2025-07-04 11:21:24,613 - INFO - main - Duplicate entry skipped for user 8102 at 2025-07-04 08:46:59
2025-07-04 11:21:24,630 - INFO - main - Duplicate entry skipped for user 9748 at 2025-07-04 08:48:34
2025-07-04 11:21:24,648 - INFO - main - Duplicate entry skipped for user 10335 at 2025-07-04 08:49:30
2025-07-04 11:21:24,679 - INFO - main - Duplicate entry skipped for user 11471 at 2025-07-04 08:57:18
2025-07-04 11:21:24,700 - INFO - main - Duplicate entry skipped for user 11762 at 2025-07-04 08:57:52
2025-07-04 11:21:24,714 - INFO - main - Duplicate entry skipped for user 1869 at 2025-07-04 08:59:09
2025-07-04 11:21:24,720 - INFO - main - Attendance records stored in database successfully
2025-07-04 11:21:24,720 - INFO - main - Attendance records fetched successfully
2025-07-04 11:21:24,759 - INFO - main - Disconnected from device
2025-07-04 11:26:20,656 - INFO - main - Duplicate entry skipped for user 11768 at 2025-07-03 16:29:29
2025-07-04 11:26:20,673 - INFO - main - Duplicate entry skipped for user 13708 at 2025-07-03 16:29:36
2025-07-04 11:26:20,684 - INFO - main - Duplicate entry skipped for user 8531 at 2025-07-03 16:29:43
2025-07-04 11:26:20,696 - INFO - main - Duplicate entry skipped for user 10049 at 2025-07-03 16:30:19
2025-07-04 11:26:20,712 - INFO - main - Duplicate entry skipped for user 1523 at 2025-07-03 16:30:24
2025-07-04 11:26:20,727 - INFO - main - Duplicate entry skipped for user 1580 at 2025-07-03 16:30:29
2025-07-04 11:26:20,740 - INFO - main - Duplicate entry skipped for user 14194 at 2025-07-03 16:30:33
2025-07-04 11:26:20,754 - INFO - main - Duplicate entry skipped for user 1536 at 2025-07-03 16:30:41
2025-07-04 11:26:20,772 - INFO - main - Duplicate entry skipped for user 14307 at 2025-07-03 16:30:50
2025-07-04 11:26:20,784 - INFO - main - Duplicate entry skipped for user 15037 at 2025-07-03 16:31:01
2025-07-04 11:26:20,798 - INFO - main - Duplicate entry skipped for user 15212 at 2025-07-03 16:31:07
2025-07-04 11:26:20,810 - INFO - main - Duplicate entry skipped for user 13611 at 2025-07-03 16:31:10
2025-07-04 11:26:20,823 - INFO - main - Duplicate entry skipped for user 10091 at 2025-07-03 16:31:31
2025-07-04 11:26:20,835 - INFO - main - Duplicate entry skipped for user 8877 at 2025-07-03 16:31:36
2025-07-04 11:26:20,851 - INFO - main - Duplicate entry skipped for user 10116 at 2025-07-03 16:31:39
2025-07-04 11:26:20,862 - INFO - main - Duplicate entry skipped for user 15325 at 2025-07-03 16:31:42
2025-07-04 11:26:20,878 - INFO - main - Duplicate entry skipped for user 15032 at 2025-07-03 16:31:45
2025-07-04 11:26:20,903 - INFO - main - Duplicate entry skipped for user 13416 at 2025-07-03 16:31:48
2025-07-04 11:26:20,931 - INFO - main - Duplicate entry skipped for user 998 at 2025-07-03 16:32:19
2025-07-04 11:26:20,943 - INFO - main - Duplicate entry skipped for user 14099 at 2025-07-03 16:32:24
2025-07-04 11:26:20,956 - INFO - main - Duplicate entry skipped for user 15043 at 2025-07-03 16:32:28
2025-07-04 11:26:20,970 - INFO - main - Duplicate entry skipped for user 10297 at 2025-07-03 16:32:33
2025-07-04 11:26:20,982 - INFO - main - Duplicate entry skipped for user 10280 at 2025-07-03 16:32:39
2025-07-04 11:26:20,996 - INFO - main - Duplicate entry skipped for user 1296 at 2025-07-03 16:32:46
2025-07-04 11:26:21,009 - INFO - main - Duplicate entry skipped for user 15082 at 2025-07-03 16:32:58
2025-07-04 11:26:21,029 - INFO - main - Duplicate entry skipped for user 3081 at 2025-07-03 16:33:10
2025-07-04 11:26:21,041 - INFO - main - Duplicate entry skipped for user 15041 at 2025-07-03 16:33:50
2025-07-04 11:26:21,050 - INFO - main - Duplicate entry skipped for user 10678 at 2025-07-03 16:33:53
2025-07-04 11:26:21,062 - INFO - main - Duplicate entry skipped for user 330 at 2025-07-03 16:34:02
2025-07-04 11:26:21,084 - INFO - main - Duplicate entry skipped for user 1867 at 2025-07-03 16:34:10
2025-07-04 11:26:21,097 - INFO - main - Duplicate entry skipped for user 1494 at 2025-07-03 16:34:24
2025-07-04 11:26:21,110 - INFO - main - Duplicate entry skipped for user 14932 at 2025-07-03 16:34:43
2025-07-04 11:26:21,125 - INFO - main - Duplicate entry skipped for user 10083 at 2025-07-03 16:34:45
2025-07-04 11:26:21,142 - INFO - main - Duplicate entry skipped for user 3782 at 2025-07-03 16:34:56
2025-07-04 11:26:21,154 - INFO - main - Duplicate entry skipped for user 15042 at 2025-07-03 16:35:20
2025-07-04 11:26:21,164 - INFO - main - Duplicate entry skipped for user 854 at 2025-07-03 16:35:24
2025-07-04 11:26:21,174 - INFO - main - Duplicate entry skipped for user 14588 at 2025-07-03 16:35:30
2025-07-04 11:26:21,184 - INFO - main - Duplicate entry skipped for user 569 at 2025-07-03 16:37:52
2025-07-04 11:26:21,195 - INFO - main - Duplicate entry skipped for user 2240 at 2025-07-03 16:38:10
2025-07-04 11:26:21,206 - INFO - main - Duplicate entry skipped for user 12345 at 2025-07-03 16:39:49
2025-07-04 11:26:21,217 - INFO - main - Duplicate entry skipped for user 11636 at 2025-07-03 16:39:59
2025-07-04 11:26:21,228 - INFO - main - Duplicate entry skipped for user 1907 at 2025-07-03 16:40:48
2025-07-04 11:26:21,240 - INFO - main - Duplicate entry skipped for user 15558 at 2025-07-03 16:41:01
2025-07-04 11:26:21,254 - INFO - main - Duplicate entry skipped for user 15687 at 2025-07-03 16:41:08
2025-07-04 11:26:21,264 - INFO - main - Duplicate entry skipped for user 15643 at 2025-07-03 16:41:13
2025-07-04 11:26:21,290 - INFO - main - Duplicate entry skipped for user 9017 at 2025-07-03 16:43:04
2025-07-04 11:26:21,313 - INFO - main - Duplicate entry skipped for user 15563 at 2025-07-03 16:43:25
2025-07-04 11:26:21,334 - INFO - main - Duplicate entry skipped for user 15630 at 2025-07-03 16:44:36
2025-07-04 11:26:21,357 - INFO - main - Duplicate entry skipped for user 12014 at 2025-07-03 16:46:52
2025-07-04 11:26:21,389 - INFO - main - Duplicate entry skipped for user 48 at 2025-07-03 16:49:32
2025-07-04 11:26:21,420 - INFO - main - Duplicate entry skipped for user 13706 at 2025-07-03 16:52:25
2025-07-04 11:26:21,458 - INFO - main - Duplicate entry skipped for user 11589 at 2025-07-03 17:02:31
2025-07-04 11:26:21,505 - INFO - main - Duplicate entry skipped for user 1452 at 2025-07-03 17:05:44
2025-07-04 11:26:21,529 - INFO - main - Duplicate entry skipped for user 14457 at 2025-07-03 17:08:53
2025-07-04 11:26:21,603 - INFO - main - Duplicate entry skipped for user 11620 at 2025-07-03 17:14:10
2025-07-04 11:26:21,614 - INFO - main - Duplicate entry skipped for user 15698 at 2025-07-03 17:23:47
2025-07-04 11:26:21,626 - INFO - main - Duplicate entry skipped for user 15642 at 2025-07-03 17:31:12
2025-07-04 11:26:21,635 - INFO - main - Duplicate entry skipped for user 9628 at 2025-07-03 17:49:35
2025-07-04 11:26:21,647 - INFO - main - Duplicate entry skipped for user 278 at 2025-07-03 17:52:09
2025-07-04 11:26:21,664 - INFO - main - Duplicate entry skipped for user 14452 at 2025-07-03 17:54:37
2025-07-04 11:26:21,675 - INFO - main - Duplicate entry skipped for user 11582 at 2025-07-03 17:57:10
2025-07-04 11:26:21,686 - INFO - main - Duplicate entry skipped for user 8862 at 2025-07-03 18:33:56
2025-07-04 11:26:21,697 - INFO - main - Duplicate entry skipped for user 10335 at 2025-07-03 18:45:19
2025-07-04 11:26:21,713 - INFO - main - Duplicate entry skipped for user 144 at 2025-07-03 18:58:27
2025-07-04 11:26:21,726 - INFO - main - Duplicate entry skipped for user 1597 at 2025-07-04 05:44:48
2025-07-04 11:26:21,737 - INFO - main - Duplicate entry skipped for user 14187 at 2025-07-04 05:55:57
2025-07-04 11:26:21,748 - INFO - main - Duplicate entry skipped for user 1002 at 2025-07-04 06:30:27
2025-07-04 11:26:21,757 - INFO - main - Duplicate entry skipped for user 1580 at 2025-07-04 06:55:46
2025-07-04 11:26:21,769 - INFO - main - Duplicate entry skipped for user 1296 at 2025-07-04 07:47:34
2025-07-04 11:26:21,780 - INFO - main - Duplicate entry skipped for user 1867 at 2025-07-04 08:15:38
2025-07-04 11:26:21,790 - INFO - main - Duplicate entry skipped for user 10949 at 2025-07-04 08:16:03
2025-07-04 11:26:21,801 - INFO - main - Duplicate entry skipped for user 14099 at 2025-07-04 08:21:40
2025-07-04 11:26:21,813 - INFO - main - Duplicate entry skipped for user 11589 at 2025-07-04 08:23:01
2025-07-04 11:26:21,826 - INFO - main - Duplicate entry skipped for user 15642 at 2025-07-04 08:23:23
2025-07-04 11:26:21,840 - INFO - main - Duplicate entry skipped for user 13708 at 2025-07-04 08:23:41
2025-07-04 11:26:21,851 - INFO - main - Duplicate entry skipped for user 15212 at 2025-07-04 08:23:45
2025-07-04 11:26:21,863 - INFO - main - Duplicate entry skipped for user 10280 at 2025-07-04 08:23:48
2025-07-04 11:26:21,877 - INFO - main - Duplicate entry skipped for user 3081 at 2025-07-04 08:23:55
2025-07-04 11:26:21,890 - INFO - main - Duplicate entry skipped for user 15131 at 2025-07-04 08:24:06
2025-07-04 11:26:21,901 - INFO - main - Duplicate entry skipped for user 1982 at 2025-07-04 08:24:22
2025-07-04 11:26:21,915 - INFO - main - Duplicate entry skipped for user 13611 at 2025-07-04 08:28:47
2025-07-04 11:26:21,934 - INFO - main - Duplicate entry skipped for user 11768 at 2025-07-04 08:29:36
2025-07-04 11:26:21,945 - INFO - main - Duplicate entry skipped for user 8877 at 2025-07-04 08:29:54
2025-07-04 11:26:21,961 - INFO - main - Duplicate entry skipped for user 14307 at 2025-07-04 08:30:01
2025-07-04 11:26:21,985 - INFO - main - Duplicate entry skipped for user 998 at 2025-07-04 08:32:02
2025-07-04 11:26:21,998 - INFO - main - Duplicate entry skipped for user 1000 at 2025-07-04 08:32:08
2025-07-04 11:26:22,017 - INFO - main - Duplicate entry skipped for user 15082 at 2025-07-04 08:32:20
2025-07-04 11:26:22,035 - INFO - main - Duplicate entry skipped for user 1523 at 2025-07-04 08:32:23
2025-07-04 11:26:22,051 - INFO - main - Duplicate entry skipped for user 15325 at 2025-07-04 08:32:28
2025-07-04 11:26:22,063 - INFO - main - Duplicate entry skipped for user 15032 at 2025-07-04 08:32:30
2025-07-04 11:26:22,075 - INFO - main - Duplicate entry skipped for user 15043 at 2025-07-04 08:32:33
2025-07-04 11:26:22,085 - INFO - main - Duplicate entry skipped for user 15638 at 2025-07-04 08:33:21
2025-07-04 11:26:22,115 - INFO - main - Duplicate entry skipped for user 11636 at 2025-07-04 08:33:39
2025-07-04 11:26:22,129 - INFO - main - Duplicate entry skipped for user 3311 at 2025-07-04 08:33:58
2025-07-04 11:26:22,143 - INFO - main - Duplicate entry skipped for user 13416 at 2025-07-04 08:34:38
2025-07-04 11:26:22,157 - INFO - main - Duplicate entry skipped for user 14932 at 2025-07-04 08:35:17
2025-07-04 11:26:22,169 - INFO - main - Duplicate entry skipped for user 15558 at 2025-07-04 08:36:38
2025-07-04 11:26:22,182 - INFO - main - Duplicate entry skipped for user 14195 at 2025-07-04 08:36:51
2025-07-04 11:26:22,198 - INFO - main - Duplicate entry skipped for user 9017 at 2025-07-04 08:37:18
2025-07-04 11:26:22,219 - INFO - main - Duplicate entry skipped for user 14329 at 2025-07-04 08:38:30
2025-07-04 11:26:22,240 - INFO - main - Duplicate entry skipped for user 10678 at 2025-07-04 08:40:57
2025-07-04 11:26:22,262 - INFO - main - Duplicate entry skipped for user 12014 at 2025-07-04 08:41:00
2025-07-04 11:26:22,276 - INFO - main - Duplicate entry skipped for user 12345 at 2025-07-04 08:41:17
2025-07-04 11:26:22,322 - INFO - main - Duplicate entry skipped for user 15687 at 2025-07-04 08:41:22
2025-07-04 11:26:22,342 - INFO - main - Duplicate entry skipped for user 15643 at 2025-07-04 08:41:27
2025-07-04 11:26:22,359 - INFO - main - Duplicate entry skipped for user 569 at 2025-07-04 08:41:45
2025-07-04 11:26:22,376 - INFO - main - Duplicate entry skipped for user 3782 at 2025-07-04 08:42:14
2025-07-04 11:26:22,390 - INFO - main - Duplicate entry skipped for user 48 at 2025-07-04 08:42:21
2025-07-04 11:26:22,403 - INFO - main - Duplicate entry skipped for user 857 at 2025-07-04 08:43:29
2025-07-04 11:26:22,416 - INFO - main - Duplicate entry skipped for user 15037 at 2025-07-04 08:43:32
2025-07-04 11:26:22,429 - INFO - main - Duplicate entry skipped for user 2240 at 2025-07-04 08:45:53
2025-07-04 11:26:22,442 - INFO - main - Duplicate entry skipped for user 10091 at 2025-07-04 08:49:50
2025-07-04 11:26:22,455 - INFO - main - Duplicate entry skipped for user 10297 at 2025-07-04 08:51:47
2025-07-04 11:26:22,468 - INFO - main - Duplicate entry skipped for user 15041 at 2025-07-04 08:53:07
2025-07-04 11:26:22,482 - INFO - main - Duplicate entry skipped for user 1536 at 2025-07-04 08:53:23
2025-07-04 11:26:22,509 - INFO - main - Duplicate entry skipped for user 8531 at 2025-07-04 08:53:36
2025-07-04 11:26:22,525 - INFO - main - Duplicate entry skipped for user 13706 at 2025-07-04 08:53:43
2025-07-04 11:26:22,542 - INFO - main - Duplicate entry skipped for user 11582 at 2025-07-04 08:53:55
2025-07-04 11:26:22,561 - INFO - main - Duplicate entry skipped for user 1907 at 2025-07-04 08:54:12
2025-07-04 11:26:22,571 - INFO - main - Duplicate entry skipped for user 15630 at 2025-07-04 08:55:05
2025-07-04 11:26:22,588 - INFO - main - Duplicate entry skipped for user 10049 at 2025-07-04 08:55:22
2025-07-04 11:26:22,606 - INFO - main - Duplicate entry skipped for user 8862 at 2025-07-04 08:55:41
2025-07-04 11:26:22,618 - INFO - main - Duplicate entry skipped for user 14588 at 2025-07-04 08:56:17
2025-07-04 11:26:22,629 - INFO - main - Duplicate entry skipped for user 11620 at 2025-07-04 08:56:40
2025-07-04 11:26:22,641 - INFO - main - Duplicate entry skipped for user 854 at 2025-07-04 08:56:46
2025-07-04 11:26:22,652 - INFO - main - Duplicate entry skipped for user 2048 at 2025-07-04 08:57:26
2025-07-04 11:26:22,667 - INFO - main - Duplicate entry skipped for user 8279 at 2025-07-04 08:58:19
2025-07-04 11:26:22,679 - INFO - main - Duplicate entry skipped for user 1603 at 2025-07-04 08:59:29
2025-07-04 11:26:22,692 - INFO - main - Duplicate entry skipped for user 1452 at 2025-07-04 08:59:41
2025-07-04 11:26:22,715 - INFO - main - Duplicate entry skipped for user 11495 at 2025-07-04 08:59:48
2025-07-04 11:26:22,731 - INFO - main - Duplicate entry skipped for user 14330 at 2025-07-04 09:00:19
2025-07-04 11:26:22,744 - INFO - main - Duplicate entry skipped for user 15698 at 2025-07-04 09:01:51
2025-07-04 11:26:22,758 - INFO - main - Duplicate entry skipped for user 14457 at 2025-07-04 09:02:06
2025-07-04 11:26:22,774 - INFO - main - Duplicate entry skipped for user 13529 at 2025-07-04 09:04:41
2025-07-04 11:26:22,790 - INFO - main - Duplicate entry skipped for user 1292 at 2025-07-04 09:07:44
2025-07-04 11:26:22,804 - INFO - main - Duplicate entry skipped for user 8868 at 2025-07-04 09:07:54
2025-07-04 11:26:22,815 - INFO - main - Duplicate entry skipped for user 9628 at 2025-07-04 09:17:13
2025-07-04 11:26:22,825 - INFO - main - Duplicate entry skipped for user 10407 at 2025-07-04 09:17:30
2025-07-04 11:26:22,841 - INFO - main - Duplicate entry skipped for user 15563 at 2025-07-04 09:29:46
2025-07-04 11:26:22,858 - INFO - main - Duplicate entry skipped for user 10083 at 2025-07-04 10:08:25
2025-07-04 11:26:22,880 - INFO - main - Duplicate entry skipped for user 1000 at 2025-07-04 11:19:29
2025-07-04 11:26:22,886 - INFO - main - Attendance records stored in database successfully
2025-07-04 11:26:22,886 - INFO - main - Attendance records fetched successfully
2025-07-04 11:26:22,921 - INFO - main - Disconnected from device
2025-07-04 11:26:23,732 - INFO - main - Duplicate entry skipped for user 1869 at 2025-07-03 16:29:17
2025-07-04 11:26:23,750 - INFO - main - Duplicate entry skipped for user 1446 at 2025-07-03 16:30:28
2025-07-04 11:26:23,762 - INFO - main - Duplicate entry skipped for user 10407 at 2025-07-03 16:30:34
2025-07-04 11:26:23,785 - INFO - main - Duplicate entry skipped for user 8035 at 2025-07-03 16:31:07
2025-07-04 11:26:23,799 - INFO - main - Duplicate entry skipped for user 1001 at 2025-07-03 16:32:15
2025-07-04 11:26:23,816 - INFO - main - Duplicate entry skipped for user 15471 at 2025-07-03 16:32:24
2025-07-04 11:26:23,835 - INFO - main - Duplicate entry skipped for user 1576 at 2025-07-03 16:32:52
2025-07-04 11:26:23,866 - INFO - main - Duplicate entry skipped for user 11762 at 2025-07-03 16:33:41
2025-07-04 11:26:23,897 - INFO - main - Duplicate entry skipped for user 9748 at 2025-07-03 16:38:02
2025-07-04 11:26:23,929 - INFO - main - Duplicate entry skipped for user 1170 at 2025-07-03 16:42:33
2025-07-04 11:26:23,954 - INFO - main - Duplicate entry skipped for user 8102 at 2025-07-03 16:44:20
2025-07-04 11:26:23,988 - INFO - main - Duplicate entry skipped for user 11471 at 2025-07-03 16:47:02
2025-07-04 11:26:24,001 - INFO - main - Duplicate entry skipped for user 13278 at 2025-07-03 16:49:27
2025-07-04 11:26:24,016 - INFO - main - Duplicate entry skipped for user 9018 at 2025-07-03 16:51:18
2025-07-04 11:26:24,028 - INFO - main - Duplicate entry skipped for user 11554 at 2025-07-03 16:55:42
2025-07-04 11:26:24,042 - INFO - main - Duplicate entry skipped for user 13932 at 2025-07-03 18:42:03
2025-07-04 11:26:24,056 - INFO - main - Duplicate entry skipped for user 2048 at 2025-07-03 22:47:05
2025-07-04 11:26:24,072 - INFO - main - Duplicate entry skipped for user 1002 at 2025-07-04 06:25:37
2025-07-04 11:26:24,083 - INFO - main - Duplicate entry skipped for user 1291 at 2025-07-04 06:44:15
2025-07-04 11:26:24,096 - INFO - main - Duplicate entry skipped for user 13118 at 2025-07-04 06:45:02
2025-07-04 11:26:24,113 - INFO - main - Duplicate entry skipped for user 1001 at 2025-07-04 07:16:50
2025-07-04 11:26:24,128 - INFO - main - Duplicate entry skipped for user 840 at 2025-07-04 07:54:37
2025-07-04 11:26:24,146 - INFO - main - Duplicate entry skipped for user 13932 at 2025-07-04 08:17:30
2025-07-04 11:26:24,163 - INFO - main - Duplicate entry skipped for user 1412 at 2025-07-04 08:23:42
2025-07-04 11:26:24,175 - INFO - main - Duplicate entry skipped for user 5080 at 2025-07-04 08:28:57
2025-07-04 11:26:24,198 - INFO - main - Duplicate entry skipped for user 13279 at 2025-07-04 08:29:41
2025-07-04 11:26:24,230 - INFO - main - Duplicate entry skipped for user 10116 at 2025-07-04 08:29:50
2025-07-04 11:26:24,242 - INFO - main - Duplicate entry skipped for user 9018 at 2025-07-04 08:31:52
2025-07-04 11:26:24,255 - INFO - main - Duplicate entry skipped for user 13278 at 2025-07-04 08:31:55
2025-07-04 11:26:24,269 - INFO - main - Duplicate entry skipped for user 10000 at 2025-07-04 08:32:05
2025-07-04 11:26:24,287 - INFO - main - Duplicate entry skipped for user 1599 at 2025-07-04 08:32:12
2025-07-04 11:26:24,303 - INFO - main - Duplicate entry skipped for user 15042 at 2025-07-04 08:32:16
2025-07-04 11:26:24,323 - INFO - main - Duplicate entry skipped for user 1446 at 2025-07-04 08:35:07
2025-07-04 11:26:24,347 - INFO - main - Duplicate entry skipped for user 1170 at 2025-07-04 08:35:13
2025-07-04 11:26:24,384 - INFO - main - Duplicate entry skipped for user 8035 at 2025-07-04 08:35:16
2025-07-04 11:26:24,398 - INFO - main - Duplicate entry skipped for user 11554 at 2025-07-04 08:39:06
2025-07-04 11:26:24,412 - INFO - main - Duplicate entry skipped for user 8102 at 2025-07-04 08:46:59
2025-07-04 11:26:24,438 - INFO - main - Duplicate entry skipped for user 9748 at 2025-07-04 08:48:34
2025-07-04 11:26:24,453 - INFO - main - Duplicate entry skipped for user 10335 at 2025-07-04 08:49:30
2025-07-04 11:26:24,468 - INFO - main - Duplicate entry skipped for user 11471 at 2025-07-04 08:57:18
2025-07-04 11:26:24,484 - INFO - main - Duplicate entry skipped for user 11762 at 2025-07-04 08:57:52
2025-07-04 11:26:24,496 - INFO - main - Duplicate entry skipped for user 1869 at 2025-07-04 08:59:09
2025-07-04 11:26:24,499 - INFO - main - Attendance records stored in database successfully
2025-07-04 11:26:24,499 - INFO - main - Attendance records fetched successfully
2025-07-04 11:26:24,543 - INFO - main - Disconnected from device
2025-07-04 11:31:20,357 - INFO - main - Duplicate entry skipped for user 11768 at 2025-07-03 16:29:29
2025-07-04 11:31:20,371 - INFO - main - Duplicate entry skipped for user 13708 at 2025-07-03 16:29:36
2025-07-04 11:31:20,383 - INFO - main - Duplicate entry skipped for user 8531 at 2025-07-03 16:29:43
2025-07-04 11:31:20,397 - INFO - main - Duplicate entry skipped for user 10049 at 2025-07-03 16:30:19
2025-07-04 11:31:20,409 - INFO - main - Duplicate entry skipped for user 1523 at 2025-07-03 16:30:24
2025-07-04 11:31:20,420 - INFO - main - Duplicate entry skipped for user 1580 at 2025-07-03 16:30:29
2025-07-04 11:31:20,431 - INFO - main - Duplicate entry skipped for user 14194 at 2025-07-03 16:30:33
2025-07-04 11:31:20,443 - INFO - main - Duplicate entry skipped for user 1536 at 2025-07-03 16:30:41
2025-07-04 11:31:20,456 - INFO - main - Duplicate entry skipped for user 14307 at 2025-07-03 16:30:50
2025-07-04 11:31:20,468 - INFO - main - Duplicate entry skipped for user 15037 at 2025-07-03 16:31:01
2025-07-04 11:31:20,477 - INFO - main - Duplicate entry skipped for user 15212 at 2025-07-03 16:31:07
2025-07-04 11:31:20,488 - INFO - main - Duplicate entry skipped for user 13611 at 2025-07-03 16:31:10
2025-07-04 11:31:20,500 - INFO - main - Duplicate entry skipped for user 10091 at 2025-07-03 16:31:31
2025-07-04 11:31:20,513 - INFO - main - Duplicate entry skipped for user 8877 at 2025-07-03 16:31:36
2025-07-04 11:31:20,525 - INFO - main - Duplicate entry skipped for user 10116 at 2025-07-03 16:31:39
2025-07-04 11:31:20,536 - INFO - main - Duplicate entry skipped for user 15325 at 2025-07-03 16:31:42
2025-07-04 11:31:20,559 - INFO - main - Duplicate entry skipped for user 15032 at 2025-07-03 16:31:45
2025-07-04 11:31:20,571 - INFO - main - Duplicate entry skipped for user 13416 at 2025-07-03 16:31:48
2025-07-04 11:31:20,581 - INFO - main - Duplicate entry skipped for user 998 at 2025-07-03 16:32:19
2025-07-04 11:31:20,592 - INFO - main - Duplicate entry skipped for user 14099 at 2025-07-03 16:32:24
2025-07-04 11:31:20,606 - INFO - main - Duplicate entry skipped for user 15043 at 2025-07-03 16:32:28
2025-07-04 11:31:20,618 - INFO - main - Duplicate entry skipped for user 10297 at 2025-07-03 16:32:33
2025-07-04 11:31:20,632 - INFO - main - Duplicate entry skipped for user 10280 at 2025-07-03 16:32:39
2025-07-04 11:31:20,645 - INFO - main - Duplicate entry skipped for user 1296 at 2025-07-03 16:32:46
2025-07-04 11:31:20,658 - INFO - main - Duplicate entry skipped for user 15082 at 2025-07-03 16:32:58
2025-07-04 11:31:20,672 - INFO - main - Duplicate entry skipped for user 3081 at 2025-07-03 16:33:10
2025-07-04 11:31:20,688 - INFO - main - Duplicate entry skipped for user 15041 at 2025-07-03 16:33:50
2025-07-04 11:31:20,702 - INFO - main - Duplicate entry skipped for user 10678 at 2025-07-03 16:33:53
2025-07-04 11:31:20,715 - INFO - main - Duplicate entry skipped for user 330 at 2025-07-03 16:34:02
2025-07-04 11:31:20,731 - INFO - main - Duplicate entry skipped for user 1867 at 2025-07-03 16:34:10
2025-07-04 11:31:20,739 - INFO - main - Duplicate entry skipped for user 1494 at 2025-07-03 16:34:24
2025-07-04 11:31:20,751 - INFO - main - Duplicate entry skipped for user 14932 at 2025-07-03 16:34:43
2025-07-04 11:31:20,764 - INFO - main - Duplicate entry skipped for user 10083 at 2025-07-03 16:34:45
2025-07-04 11:31:20,775 - INFO - main - Duplicate entry skipped for user 3782 at 2025-07-03 16:34:56
2025-07-04 11:31:20,787 - INFO - main - Duplicate entry skipped for user 15042 at 2025-07-03 16:35:20
2025-07-04 11:31:20,799 - INFO - main - Duplicate entry skipped for user 854 at 2025-07-03 16:35:24
2025-07-04 11:31:20,811 - INFO - main - Duplicate entry skipped for user 14588 at 2025-07-03 16:35:30
2025-07-04 11:31:20,822 - INFO - main - Duplicate entry skipped for user 569 at 2025-07-03 16:37:52
2025-07-04 11:31:20,837 - INFO - main - Duplicate entry skipped for user 2240 at 2025-07-03 16:38:10
2025-07-04 11:31:20,848 - INFO - main - Duplicate entry skipped for user 12345 at 2025-07-03 16:39:49
2025-07-04 11:31:20,860 - INFO - main - Duplicate entry skipped for user 11636 at 2025-07-03 16:39:59
2025-07-04 11:31:20,871 - INFO - main - Duplicate entry skipped for user 1907 at 2025-07-03 16:40:48
2025-07-04 11:31:20,885 - INFO - main - Duplicate entry skipped for user 15558 at 2025-07-03 16:41:01
2025-07-04 11:31:20,898 - INFO - main - Duplicate entry skipped for user 15687 at 2025-07-03 16:41:08
2025-07-04 11:31:20,917 - INFO - main - Duplicate entry skipped for user 15643 at 2025-07-03 16:41:13
2025-07-04 11:31:20,930 - INFO - main - Duplicate entry skipped for user 9017 at 2025-07-03 16:43:04
2025-07-04 11:31:20,943 - INFO - main - Duplicate entry skipped for user 15563 at 2025-07-03 16:43:25
2025-07-04 11:31:20,957 - INFO - main - Duplicate entry skipped for user 15630 at 2025-07-03 16:44:36
2025-07-04 11:31:20,970 - INFO - main - Duplicate entry skipped for user 12014 at 2025-07-03 16:46:52
2025-07-04 11:31:20,983 - INFO - main - Duplicate entry skipped for user 48 at 2025-07-03 16:49:32
2025-07-04 11:31:20,996 - INFO - main - Duplicate entry skipped for user 13706 at 2025-07-03 16:52:25
2025-07-04 11:31:21,007 - INFO - main - Duplicate entry skipped for user 11589 at 2025-07-03 17:02:31
2025-07-04 11:31:21,018 - INFO - main - Duplicate entry skipped for user 1452 at 2025-07-03 17:05:44
2025-07-04 11:31:21,028 - INFO - main - Duplicate entry skipped for user 14457 at 2025-07-03 17:08:53
2025-07-04 11:31:21,044 - INFO - main - Duplicate entry skipped for user 11620 at 2025-07-03 17:14:10
2025-07-04 11:31:21,058 - INFO - main - Duplicate entry skipped for user 15698 at 2025-07-03 17:23:47
2025-07-04 11:31:21,069 - INFO - main - Duplicate entry skipped for user 15642 at 2025-07-03 17:31:12
2025-07-04 11:31:21,084 - INFO - main - Duplicate entry skipped for user 9628 at 2025-07-03 17:49:35
2025-07-04 11:31:21,095 - INFO - main - Duplicate entry skipped for user 278 at 2025-07-03 17:52:09
2025-07-04 11:31:21,112 - INFO - main - Duplicate entry skipped for user 14452 at 2025-07-03 17:54:37
2025-07-04 11:31:21,123 - INFO - main - Duplicate entry skipped for user 11582 at 2025-07-03 17:57:10
2025-07-04 11:31:21,135 - INFO - main - Duplicate entry skipped for user 8862 at 2025-07-03 18:33:56
2025-07-04 11:31:21,149 - INFO - main - Duplicate entry skipped for user 10335 at 2025-07-03 18:45:19
2025-07-04 11:31:21,160 - INFO - main - Duplicate entry skipped for user 144 at 2025-07-03 18:58:27
2025-07-04 11:31:21,170 - INFO - main - Duplicate entry skipped for user 1597 at 2025-07-04 05:44:48
2025-07-04 11:31:21,180 - INFO - main - Duplicate entry skipped for user 14187 at 2025-07-04 05:55:57
2025-07-04 11:31:21,191 - INFO - main - Duplicate entry skipped for user 1002 at 2025-07-04 06:30:27
2025-07-04 11:31:21,203 - INFO - main - Duplicate entry skipped for user 1580 at 2025-07-04 06:55:46
2025-07-04 11:31:21,213 - INFO - main - Duplicate entry skipped for user 1296 at 2025-07-04 07:47:34
2025-07-04 11:31:21,223 - INFO - main - Duplicate entry skipped for user 1867 at 2025-07-04 08:15:38
2025-07-04 11:31:21,234 - INFO - main - Duplicate entry skipped for user 10949 at 2025-07-04 08:16:03
2025-07-04 11:31:21,247 - INFO - main - Duplicate entry skipped for user 14099 at 2025-07-04 08:21:40
2025-07-04 11:31:21,260 - INFO - main - Duplicate entry skipped for user 11589 at 2025-07-04 08:23:01
2025-07-04 11:31:21,271 - INFO - main - Duplicate entry skipped for user 15642 at 2025-07-04 08:23:23
2025-07-04 11:31:21,281 - INFO - main - Duplicate entry skipped for user 13708 at 2025-07-04 08:23:41
2025-07-04 11:31:21,294 - INFO - main - Duplicate entry skipped for user 15212 at 2025-07-04 08:23:45
2025-07-04 11:31:21,305 - INFO - main - Duplicate entry skipped for user 10280 at 2025-07-04 08:23:48
2025-07-04 11:31:21,317 - INFO - main - Duplicate entry skipped for user 3081 at 2025-07-04 08:23:55
2025-07-04 11:31:21,327 - INFO - main - Duplicate entry skipped for user 15131 at 2025-07-04 08:24:06
2025-07-04 11:31:21,336 - INFO - main - Duplicate entry skipped for user 1982 at 2025-07-04 08:24:22
2025-07-04 11:31:21,362 - INFO - main - Duplicate entry skipped for user 13611 at 2025-07-04 08:28:47
2025-07-04 11:31:21,380 - INFO - main - Duplicate entry skipped for user 11768 at 2025-07-04 08:29:36
2025-07-04 11:31:21,391 - INFO - main - Duplicate entry skipped for user 8877 at 2025-07-04 08:29:54
2025-07-04 11:31:21,402 - INFO - main - Duplicate entry skipped for user 14307 at 2025-07-04 08:30:01
2025-07-04 11:31:21,415 - INFO - main - Duplicate entry skipped for user 998 at 2025-07-04 08:32:02
2025-07-04 11:31:21,426 - INFO - main - Duplicate entry skipped for user 1000 at 2025-07-04 08:32:08
2025-07-04 11:31:21,438 - INFO - main - Duplicate entry skipped for user 15082 at 2025-07-04 08:32:20
2025-07-04 11:31:21,452 - INFO - main - Duplicate entry skipped for user 1523 at 2025-07-04 08:32:23
2025-07-04 11:31:21,463 - INFO - main - Duplicate entry skipped for user 15325 at 2025-07-04 08:32:28
2025-07-04 11:31:21,476 - INFO - main - Duplicate entry skipped for user 15032 at 2025-07-04 08:32:30
2025-07-04 11:31:21,486 - INFO - main - Duplicate entry skipped for user 15043 at 2025-07-04 08:32:33
2025-07-04 11:31:21,497 - INFO - main - Duplicate entry skipped for user 15638 at 2025-07-04 08:33:21
2025-07-04 11:31:21,513 - INFO - main - Duplicate entry skipped for user 11636 at 2025-07-04 08:33:39
2025-07-04 11:31:21,526 - INFO - main - Duplicate entry skipped for user 3311 at 2025-07-04 08:33:58
2025-07-04 11:31:21,537 - INFO - main - Duplicate entry skipped for user 13416 at 2025-07-04 08:34:38
2025-07-04 11:31:21,549 - INFO - main - Duplicate entry skipped for user 14932 at 2025-07-04 08:35:17
2025-07-04 11:31:21,560 - INFO - main - Duplicate entry skipped for user 15558 at 2025-07-04 08:36:38
2025-07-04 11:31:21,571 - INFO - main - Duplicate entry skipped for user 14195 at 2025-07-04 08:36:51
2025-07-04 11:31:21,582 - INFO - main - Duplicate entry skipped for user 9017 at 2025-07-04 08:37:18
2025-07-04 11:31:21,596 - INFO - main - Duplicate entry skipped for user 14329 at 2025-07-04 08:38:30
2025-07-04 11:31:21,613 - INFO - main - Duplicate entry skipped for user 10678 at 2025-07-04 08:40:57
2025-07-04 11:31:21,624 - INFO - main - Duplicate entry skipped for user 12014 at 2025-07-04 08:41:00
2025-07-04 11:31:21,633 - INFO - main - Duplicate entry skipped for user 12345 at 2025-07-04 08:41:17
2025-07-04 11:31:21,645 - INFO - main - Duplicate entry skipped for user 15687 at 2025-07-04 08:41:22
2025-07-04 11:31:21,655 - INFO - main - Duplicate entry skipped for user 15643 at 2025-07-04 08:41:27
2025-07-04 11:31:21,672 - INFO - main - Duplicate entry skipped for user 569 at 2025-07-04 08:41:45
2025-07-04 11:31:21,682 - INFO - main - Duplicate entry skipped for user 3782 at 2025-07-04 08:42:14
2025-07-04 11:31:21,692 - INFO - main - Duplicate entry skipped for user 48 at 2025-07-04 08:42:21
2025-07-04 11:31:21,704 - INFO - main - Duplicate entry skipped for user 857 at 2025-07-04 08:43:29
2025-07-04 11:31:21,716 - INFO - main - Duplicate entry skipped for user 15037 at 2025-07-04 08:43:32
2025-07-04 11:31:21,726 - INFO - main - Duplicate entry skipped for user 2240 at 2025-07-04 08:45:53
2025-07-04 11:31:21,738 - INFO - main - Duplicate entry skipped for user 10091 at 2025-07-04 08:49:50
2025-07-04 11:31:21,749 - INFO - main - Duplicate entry skipped for user 10297 at 2025-07-04 08:51:47
2025-07-04 11:31:21,761 - INFO - main - Duplicate entry skipped for user 15041 at 2025-07-04 08:53:07
2025-07-04 11:31:21,772 - INFO - main - Duplicate entry skipped for user 1536 at 2025-07-04 08:53:23
2025-07-04 11:31:21,783 - INFO - main - Duplicate entry skipped for user 8531 at 2025-07-04 08:53:36
2025-07-04 11:31:21,801 - INFO - main - Duplicate entry skipped for user 13706 at 2025-07-04 08:53:43
2025-07-04 11:31:21,815 - INFO - main - Duplicate entry skipped for user 11582 at 2025-07-04 08:53:55
2025-07-04 11:31:21,831 - INFO - main - Duplicate entry skipped for user 1907 at 2025-07-04 08:54:12
2025-07-04 11:31:21,843 - INFO - main - Duplicate entry skipped for user 15630 at 2025-07-04 08:55:05
2025-07-04 11:31:21,854 - INFO - main - Duplicate entry skipped for user 10049 at 2025-07-04 08:55:22
2025-07-04 11:31:21,867 - INFO - main - Duplicate entry skipped for user 8862 at 2025-07-04 08:55:41
2025-07-04 11:31:21,878 - INFO - main - Duplicate entry skipped for user 14588 at 2025-07-04 08:56:17
2025-07-04 11:31:21,888 - INFO - main - Duplicate entry skipped for user 11620 at 2025-07-04 08:56:40
2025-07-04 11:31:21,900 - INFO - main - Duplicate entry skipped for user 854 at 2025-07-04 08:56:46
2025-07-04 11:31:21,909 - INFO - main - Duplicate entry skipped for user 2048 at 2025-07-04 08:57:26
2025-07-04 11:31:21,919 - INFO - main - Duplicate entry skipped for user 8279 at 2025-07-04 08:58:19
2025-07-04 11:31:21,942 - INFO - main - Duplicate entry skipped for user 1603 at 2025-07-04 08:59:29
2025-07-04 11:31:21,964 - INFO - main - Duplicate entry skipped for user 1452 at 2025-07-04 08:59:41
2025-07-04 11:31:21,986 - INFO - main - Duplicate entry skipped for user 11495 at 2025-07-04 08:59:48
2025-07-04 11:31:22,001 - INFO - main - Duplicate entry skipped for user 14330 at 2025-07-04 09:00:19
2025-07-04 11:31:22,024 - INFO - main - Duplicate entry skipped for user 15698 at 2025-07-04 09:01:51
2025-07-04 11:31:22,038 - INFO - main - Duplicate entry skipped for user 14457 at 2025-07-04 09:02:06
2025-07-04 11:31:22,057 - INFO - main - Duplicate entry skipped for user 13529 at 2025-07-04 09:04:41
2025-07-04 11:31:22,071 - INFO - main - Duplicate entry skipped for user 1292 at 2025-07-04 09:07:44
2025-07-04 11:31:22,080 - INFO - main - Duplicate entry skipped for user 8868 at 2025-07-04 09:07:54
2025-07-04 11:31:22,091 - INFO - main - Duplicate entry skipped for user 9628 at 2025-07-04 09:17:13
2025-07-04 11:31:22,102 - INFO - main - Duplicate entry skipped for user 10407 at 2025-07-04 09:17:30
2025-07-04 11:31:22,117 - INFO - main - Duplicate entry skipped for user 15563 at 2025-07-04 09:29:46
2025-07-04 11:31:22,128 - INFO - main - Duplicate entry skipped for user 10083 at 2025-07-04 10:08:25
2025-07-04 11:31:22,140 - INFO - main - Duplicate entry skipped for user 1000 at 2025-07-04 11:19:29
2025-07-04 11:31:22,144 - INFO - main - Attendance records stored in database successfully
2025-07-04 11:31:22,145 - INFO - main - Attendance records fetched successfully
2025-07-04 11:31:22,191 - INFO - main - Disconnected from device
2025-07-04 11:31:23,341 - INFO - main - Duplicate entry skipped for user 1869 at 2025-07-03 16:29:17
2025-07-04 11:31:23,353 - INFO - main - Duplicate entry skipped for user 1446 at 2025-07-03 16:30:28
2025-07-04 11:31:23,389 - INFO - main - Duplicate entry skipped for user 10407 at 2025-07-03 16:30:34
2025-07-04 11:31:23,400 - INFO - main - Duplicate entry skipped for user 8035 at 2025-07-03 16:31:07
2025-07-04 11:31:23,414 - INFO - main - Duplicate entry skipped for user 1001 at 2025-07-03 16:32:15
2025-07-04 11:31:23,430 - INFO - main - Duplicate entry skipped for user 15471 at 2025-07-03 16:32:24
2025-07-04 11:31:23,445 - INFO - main - Duplicate entry skipped for user 1576 at 2025-07-03 16:32:52
2025-07-04 11:31:23,454 - INFO - main - Duplicate entry skipped for user 11762 at 2025-07-03 16:33:41
2025-07-04 11:31:23,468 - INFO - main - Duplicate entry skipped for user 9748 at 2025-07-03 16:38:02
2025-07-04 11:31:23,481 - INFO - main - Duplicate entry skipped for user 1170 at 2025-07-03 16:42:33
2025-07-04 11:31:23,495 - INFO - main - Duplicate entry skipped for user 8102 at 2025-07-03 16:44:20
2025-07-04 11:31:23,512 - INFO - main - Duplicate entry skipped for user 11471 at 2025-07-03 16:47:02
2025-07-04 11:31:23,530 - INFO - main - Duplicate entry skipped for user 13278 at 2025-07-03 16:49:27
2025-07-04 11:31:23,540 - INFO - main - Duplicate entry skipped for user 9018 at 2025-07-03 16:51:18
2025-07-04 11:31:23,551 - INFO - main - Duplicate entry skipped for user 11554 at 2025-07-03 16:55:42
2025-07-04 11:31:23,563 - INFO - main - Duplicate entry skipped for user 13932 at 2025-07-03 18:42:03
2025-07-04 11:31:23,575 - INFO - main - Duplicate entry skipped for user 2048 at 2025-07-03 22:47:05
2025-07-04 11:31:23,585 - INFO - main - Duplicate entry skipped for user 1002 at 2025-07-04 06:25:37
2025-07-04 11:31:23,599 - INFO - main - Duplicate entry skipped for user 1291 at 2025-07-04 06:44:15
2025-07-04 11:31:23,608 - INFO - main - Duplicate entry skipped for user 13118 at 2025-07-04 06:45:02
2025-07-04 11:31:23,619 - INFO - main - Duplicate entry skipped for user 1001 at 2025-07-04 07:16:50
2025-07-04 11:31:23,630 - INFO - main - Duplicate entry skipped for user 840 at 2025-07-04 07:54:37
2025-07-04 11:31:23,640 - INFO - main - Duplicate entry skipped for user 13932 at 2025-07-04 08:17:30
2025-07-04 11:31:23,650 - INFO - main - Duplicate entry skipped for user 1412 at 2025-07-04 08:23:42
2025-07-04 11:31:23,664 - INFO - main - Duplicate entry skipped for user 5080 at 2025-07-04 08:28:57
2025-07-04 11:31:23,679 - INFO - main - Duplicate entry skipped for user 13279 at 2025-07-04 08:29:41
2025-07-04 11:31:23,690 - INFO - main - Duplicate entry skipped for user 10116 at 2025-07-04 08:29:50
2025-07-04 11:31:23,702 - INFO - main - Duplicate entry skipped for user 9018 at 2025-07-04 08:31:52
2025-07-04 11:31:23,717 - INFO - main - Duplicate entry skipped for user 13278 at 2025-07-04 08:31:55
2025-07-04 11:31:23,729 - INFO - main - Duplicate entry skipped for user 10000 at 2025-07-04 08:32:05
2025-07-04 11:31:23,739 - INFO - main - Duplicate entry skipped for user 1599 at 2025-07-04 08:32:12
2025-07-04 11:31:23,775 - INFO - main - Duplicate entry skipped for user 15042 at 2025-07-04 08:32:16
2025-07-04 11:31:23,787 - INFO - main - Duplicate entry skipped for user 1446 at 2025-07-04 08:35:07
2025-07-04 11:31:23,799 - INFO - main - Duplicate entry skipped for user 1170 at 2025-07-04 08:35:13
2025-07-04 11:31:23,811 - INFO - main - Duplicate entry skipped for user 8035 at 2025-07-04 08:35:16
2025-07-04 11:31:23,822 - INFO - main - Duplicate entry skipped for user 11554 at 2025-07-04 08:39:06
2025-07-04 11:31:23,839 - INFO - main - Duplicate entry skipped for user 8102 at 2025-07-04 08:46:59
2025-07-04 11:31:23,849 - INFO - main - Duplicate entry skipped for user 9748 at 2025-07-04 08:48:34
2025-07-04 11:31:23,857 - INFO - main - Duplicate entry skipped for user 10335 at 2025-07-04 08:49:30
2025-07-04 11:31:23,871 - INFO - main - Duplicate entry skipped for user 11471 at 2025-07-04 08:57:18
2025-07-04 11:31:23,890 - INFO - main - Duplicate entry skipped for user 11762 at 2025-07-04 08:57:52
2025-07-04 11:31:23,902 - INFO - main - Duplicate entry skipped for user 1869 at 2025-07-04 08:59:09
2025-07-04 11:31:23,908 - INFO - main - Attendance records stored in database successfully
2025-07-04 11:31:23,908 - INFO - main - Attendance records fetched successfully
2025-07-04 11:31:23,961 - INFO - main - Disconnected from device
2025-07-04 11:36:20,677 - INFO - main - Duplicate entry skipped for user 11768 at 2025-07-03 16:29:29
2025-07-04 11:36:20,688 - INFO - main - Duplicate entry skipped for user 13708 at 2025-07-03 16:29:36
2025-07-04 11:36:20,699 - INFO - main - Duplicate entry skipped for user 8531 at 2025-07-03 16:29:43
2025-07-04 11:36:20,719 - INFO - main - Duplicate entry skipped for user 10049 at 2025-07-03 16:30:19
2025-07-04 11:36:20,731 - INFO - main - Duplicate entry skipped for user 1523 at 2025-07-03 16:30:24
2025-07-04 11:36:20,743 - INFO - main - Duplicate entry skipped for user 1580 at 2025-07-03 16:30:29
2025-07-04 11:36:20,753 - INFO - main - Duplicate entry skipped for user 14194 at 2025-07-03 16:30:33
2025-07-04 11:36:20,821 - INFO - main - Duplicate entry skipped for user 1536 at 2025-07-03 16:30:41
2025-07-04 11:36:20,852 - INFO - main - Duplicate entry skipped for user 14307 at 2025-07-03 16:30:50
2025-07-04 11:36:20,864 - INFO - main - Duplicate entry skipped for user 15037 at 2025-07-03 16:31:01
2025-07-04 11:36:20,878 - INFO - main - Duplicate entry skipped for user 15212 at 2025-07-03 16:31:07
2025-07-04 11:36:20,888 - INFO - main - Duplicate entry skipped for user 13611 at 2025-07-03 16:31:10
2025-07-04 11:36:20,900 - INFO - main - Duplicate entry skipped for user 10091 at 2025-07-03 16:31:31
2025-07-04 11:36:20,910 - INFO - main - Duplicate entry skipped for user 8877 at 2025-07-03 16:31:36
2025-07-04 11:36:20,921 - INFO - main - Duplicate entry skipped for user 10116 at 2025-07-03 16:31:39
2025-07-04 11:36:20,948 - INFO - main - Duplicate entry skipped for user 15325 at 2025-07-03 16:31:42
2025-07-04 11:36:20,960 - INFO - main - Duplicate entry skipped for user 15032 at 2025-07-03 16:31:45
2025-07-04 11:36:21,037 - INFO - main - Duplicate entry skipped for user 13416 at 2025-07-03 16:31:48
2025-07-04 11:36:21,054 - INFO - main - Duplicate entry skipped for user 998 at 2025-07-03 16:32:19
2025-07-04 11:36:21,070 - INFO - main - Duplicate entry skipped for user 14099 at 2025-07-03 16:32:24
2025-07-04 11:36:21,137 - INFO - main - Duplicate entry skipped for user 15043 at 2025-07-03 16:32:28
2025-07-04 11:36:21,211 - INFO - main - Duplicate entry skipped for user 10297 at 2025-07-03 16:32:33
2025-07-04 11:36:21,221 - INFO - main - Duplicate entry skipped for user 10280 at 2025-07-03 16:32:39
2025-07-04 11:36:21,272 - INFO - main - Duplicate entry skipped for user 1296 at 2025-07-03 16:32:46
2025-07-04 11:36:21,291 - INFO - main - Duplicate entry skipped for user 15082 at 2025-07-03 16:32:58
2025-07-04 11:36:21,350 - INFO - main - Duplicate entry skipped for user 3081 at 2025-07-03 16:33:10
2025-07-04 11:36:21,408 - INFO - main - Duplicate entry skipped for user 15041 at 2025-07-03 16:33:50
2025-07-04 11:36:21,420 - INFO - main - Duplicate entry skipped for user 10678 at 2025-07-03 16:33:53
2025-07-04 11:36:21,477 - INFO - main - Duplicate entry skipped for user 330 at 2025-07-03 16:34:02
2025-07-04 11:36:21,488 - INFO - main - Duplicate entry skipped for user 1867 at 2025-07-03 16:34:10
2025-07-04 11:36:21,545 - INFO - main - Duplicate entry skipped for user 1494 at 2025-07-03 16:34:24
2025-07-04 11:36:21,557 - INFO - main - Duplicate entry skipped for user 14932 at 2025-07-03 16:34:43
2025-07-04 11:36:21,614 - INFO - main - Duplicate entry skipped for user 10083 at 2025-07-03 16:34:45
2025-07-04 11:36:21,626 - INFO - main - Duplicate entry skipped for user 3782 at 2025-07-03 16:34:56
2025-07-04 11:36:21,682 - INFO - main - Duplicate entry skipped for user 15042 at 2025-07-03 16:35:20
2025-07-04 11:36:21,696 - INFO - main - Duplicate entry skipped for user 854 at 2025-07-03 16:35:24
2025-07-04 11:36:21,761 - INFO - main - Duplicate entry skipped for user 14588 at 2025-07-03 16:35:30
2025-07-04 11:36:21,771 - INFO - main - Duplicate entry skipped for user 569 at 2025-07-03 16:37:52
2025-07-04 11:36:21,832 - INFO - main - Duplicate entry skipped for user 2240 at 2025-07-03 16:38:10
2025-07-04 11:36:21,900 - INFO - main - Duplicate entry skipped for user 12345 at 2025-07-03 16:39:49
2025-07-04 11:36:21,924 - INFO - main - Duplicate entry skipped for user 11636 at 2025-07-03 16:39:59
2025-07-04 11:36:21,948 - INFO - main - Duplicate entry skipped for user 1907 at 2025-07-03 16:40:48
2025-07-04 11:36:22,032 - INFO - main - Duplicate entry skipped for user 15558 at 2025-07-03 16:41:01
2025-07-04 11:36:22,114 - INFO - main - Duplicate entry skipped for user 15687 at 2025-07-03 16:41:08
2025-07-04 11:36:22,128 - INFO - main - Duplicate entry skipped for user 15643 at 2025-07-03 16:41:13
2025-07-04 11:36:22,140 - INFO - main - Duplicate entry skipped for user 9017 at 2025-07-03 16:43:04
2025-07-04 11:36:22,153 - INFO - main - Duplicate entry skipped for user 15563 at 2025-07-03 16:43:25
2025-07-04 11:36:22,166 - INFO - main - Duplicate entry skipped for user 15630 at 2025-07-03 16:44:36
2025-07-04 11:36:22,180 - INFO - main - Duplicate entry skipped for user 12014 at 2025-07-03 16:46:52
2025-07-04 11:36:22,193 - INFO - main - Duplicate entry skipped for user 48 at 2025-07-03 16:49:32
2025-07-04 11:36:22,206 - INFO - main - Duplicate entry skipped for user 13706 at 2025-07-03 16:52:25
2025-07-04 11:36:22,218 - INFO - main - Duplicate entry skipped for user 11589 at 2025-07-03 17:02:31
2025-07-04 11:36:22,278 - INFO - main - Duplicate entry skipped for user 1452 at 2025-07-03 17:05:44
2025-07-04 11:36:22,294 - INFO - main - Duplicate entry skipped for user 14457 at 2025-07-03 17:08:53
2025-07-04 11:36:22,308 - INFO - main - Duplicate entry skipped for user 11620 at 2025-07-03 17:14:10
2025-07-04 11:36:22,363 - INFO - main - Duplicate entry skipped for user 15698 at 2025-07-03 17:23:47
2025-07-04 11:36:22,434 - INFO - main - Duplicate entry skipped for user 15642 at 2025-07-03 17:31:12
2025-07-04 11:36:22,444 - INFO - main - Duplicate entry skipped for user 9628 at 2025-07-03 17:49:35
2025-07-04 11:36:22,497 - INFO - main - Duplicate entry skipped for user 278 at 2025-07-03 17:52:09
2025-07-04 11:36:22,507 - INFO - main - Duplicate entry skipped for user 14452 at 2025-07-03 17:54:37
2025-07-04 11:36:22,517 - INFO - main - Duplicate entry skipped for user 11582 at 2025-07-03 17:57:10
2025-07-04 11:36:22,571 - INFO - main - Duplicate entry skipped for user 8862 at 2025-07-03 18:33:56
2025-07-04 11:36:22,648 - INFO - main - Duplicate entry skipped for user 10335 at 2025-07-03 18:45:19
2025-07-04 11:36:22,710 - INFO - main - Duplicate entry skipped for user 144 at 2025-07-03 18:58:27
2025-07-04 11:36:22,719 - INFO - main - Duplicate entry skipped for user 1597 at 2025-07-04 05:44:48
2025-07-04 11:36:22,774 - INFO - main - Duplicate entry skipped for user 14187 at 2025-07-04 05:55:57
2025-07-04 11:36:22,848 - INFO - main - Duplicate entry skipped for user 1002 at 2025-07-04 06:30:27
2025-07-04 11:36:22,921 - INFO - main - Duplicate entry skipped for user 1580 at 2025-07-04 06:55:46
2025-07-04 11:36:23,001 - INFO - main - Duplicate entry skipped for user 1296 at 2025-07-04 07:47:34
2025-07-04 11:36:23,118 - INFO - main - Duplicate entry skipped for user 1867 at 2025-07-04 08:15:38
2025-07-04 11:36:23,132 - INFO - main - Duplicate entry skipped for user 10949 at 2025-07-04 08:16:03
2025-07-04 11:36:23,142 - INFO - main - Duplicate entry skipped for user 14099 at 2025-07-04 08:21:40
2025-07-04 11:36:23,154 - INFO - main - Duplicate entry skipped for user 11589 at 2025-07-04 08:23:01
2025-07-04 11:36:23,167 - INFO - main - Duplicate entry skipped for user 15642 at 2025-07-04 08:23:23
2025-07-04 11:36:23,182 - INFO - main - Duplicate entry skipped for user 13708 at 2025-07-04 08:23:41
2025-07-04 11:36:23,199 - INFO - main - Duplicate entry skipped for user 15212 at 2025-07-04 08:23:45
2025-07-04 11:36:23,210 - INFO - main - Duplicate entry skipped for user 10280 at 2025-07-04 08:23:48
2025-07-04 11:36:23,265 - INFO - main - Duplicate entry skipped for user 3081 at 2025-07-04 08:23:55
2025-07-04 11:36:23,338 - INFO - main - Duplicate entry skipped for user 15131 at 2025-07-04 08:24:06
2025-07-04 11:36:23,358 - INFO - main - Duplicate entry skipped for user 1982 at 2025-07-04 08:24:22
2025-07-04 11:36:23,371 - INFO - main - Duplicate entry skipped for user 13611 at 2025-07-04 08:28:47
2025-07-04 11:36:23,405 - INFO - main - Duplicate entry skipped for user 11768 at 2025-07-04 08:29:36
2025-07-04 11:36:23,420 - INFO - main - Duplicate entry skipped for user 8877 at 2025-07-04 08:29:54
2025-07-04 11:36:23,444 - INFO - main - Duplicate entry skipped for user 14307 at 2025-07-04 08:30:01
2025-07-04 11:36:23,502 - INFO - main - Duplicate entry skipped for user 998 at 2025-07-04 08:32:02
2025-07-04 11:36:23,515 - INFO - main - Duplicate entry skipped for user 1000 at 2025-07-04 08:32:08
2025-07-04 11:36:23,526 - INFO - main - Duplicate entry skipped for user 15082 at 2025-07-04 08:32:20
2025-07-04 11:36:23,601 - INFO - main - Duplicate entry skipped for user 1523 at 2025-07-04 08:32:23
2025-07-04 11:36:23,669 - INFO - main - Duplicate entry skipped for user 15325 at 2025-07-04 08:32:28
2025-07-04 11:36:23,681 - INFO - main - Duplicate entry skipped for user 15032 at 2025-07-04 08:32:30
2025-07-04 11:36:23,869 - INFO - main - Duplicate entry skipped for user 15043 at 2025-07-04 08:32:33
2025-07-04 11:36:23,879 - INFO - main - Duplicate entry skipped for user 15638 at 2025-07-04 08:33:21
2025-07-04 11:36:23,889 - INFO - main - Duplicate entry skipped for user 11636 at 2025-07-04 08:33:39
2025-07-04 11:36:23,949 - INFO - main - Duplicate entry skipped for user 3311 at 2025-07-04 08:33:58
2025-07-04 11:36:24,093 - INFO - main - Duplicate entry skipped for user 13416 at 2025-07-04 08:34:38
2025-07-04 11:36:24,154 - INFO - main - Duplicate entry skipped for user 14932 at 2025-07-04 08:35:17
2025-07-04 11:36:24,235 - INFO - main - Duplicate entry skipped for user 15558 at 2025-07-04 08:36:38
2025-07-04 11:36:24,397 - INFO - main - Duplicate entry skipped for user 14195 at 2025-07-04 08:36:51
2025-07-04 11:36:24,410 - INFO - main - Duplicate entry skipped for user 9017 at 2025-07-04 08:37:18
2025-07-04 11:36:24,422 - INFO - main - Duplicate entry skipped for user 14329 at 2025-07-04 08:38:30
2025-07-04 11:36:24,433 - INFO - main - Duplicate entry skipped for user 10678 at 2025-07-04 08:40:57
2025-07-04 11:36:24,488 - INFO - main - Duplicate entry skipped for user 12014 at 2025-07-04 08:41:00
2025-07-04 11:36:24,561 - INFO - main - Duplicate entry skipped for user 12345 at 2025-07-04 08:41:17
2025-07-04 11:36:24,577 - INFO - main - Duplicate entry skipped for user 15687 at 2025-07-04 08:41:22
2025-07-04 11:36:24,608 - INFO - main - Duplicate entry skipped for user 15643 at 2025-07-04 08:41:27
2025-07-04 11:36:24,626 - INFO - main - Duplicate entry skipped for user 569 at 2025-07-04 08:41:45
2025-07-04 11:36:24,652 - INFO - main - Duplicate entry skipped for user 3782 at 2025-07-04 08:42:14
2025-07-04 11:36:24,728 - INFO - main - Duplicate entry skipped for user 48 at 2025-07-04 08:42:21
2025-07-04 11:36:24,740 - INFO - main - Duplicate entry skipped for user 857 at 2025-07-04 08:43:29
2025-07-04 11:36:24,751 - INFO - main - Duplicate entry skipped for user 15037 at 2025-07-04 08:43:32
2025-07-04 11:36:24,760 - INFO - main - Duplicate entry skipped for user 2240 at 2025-07-04 08:45:53
2025-07-04 11:36:24,770 - INFO - main - Duplicate entry skipped for user 10091 at 2025-07-04 08:49:50
2025-07-04 11:36:24,893 - INFO - main - Duplicate entry skipped for user 10297 at 2025-07-04 08:51:47
2025-07-04 11:36:24,903 - INFO - main - Duplicate entry skipped for user 15041 at 2025-07-04 08:53:07
2025-07-04 11:36:24,955 - INFO - main - Duplicate entry skipped for user 1536 at 2025-07-04 08:53:23
2025-07-04 11:36:24,967 - INFO - main - Duplicate entry skipped for user 8531 at 2025-07-04 08:53:36
2025-07-04 11:36:24,977 - INFO - main - Duplicate entry skipped for user 13706 at 2025-07-04 08:53:43
2025-07-04 11:36:25,093 - INFO - main - Duplicate entry skipped for user 11582 at 2025-07-04 08:53:55
2025-07-04 11:36:25,104 - INFO - main - Duplicate entry skipped for user 1907 at 2025-07-04 08:54:12
2025-07-04 11:36:25,118 - INFO - main - Duplicate entry skipped for user 15630 at 2025-07-04 08:55:05
2025-07-04 11:36:25,170 - INFO - main - Duplicate entry skipped for user 10049 at 2025-07-04 08:55:22
2025-07-04 11:36:25,180 - INFO - main - Duplicate entry skipped for user 8862 at 2025-07-04 08:55:41
2025-07-04 11:36:25,228 - INFO - main - Duplicate entry skipped for user 14588 at 2025-07-04 08:56:17
2025-07-04 11:36:25,242 - INFO - main - Duplicate entry skipped for user 11620 at 2025-07-04 08:56:40
2025-07-04 11:36:25,269 - INFO - main - Duplicate entry skipped for user 854 at 2025-07-04 08:56:46
2025-07-04 11:36:25,281 - INFO - main - Duplicate entry skipped for user 2048 at 2025-07-04 08:57:26
2025-07-04 11:36:25,297 - INFO - main - Duplicate entry skipped for user 8279 at 2025-07-04 08:58:19
2025-07-04 11:36:25,316 - INFO - main - Duplicate entry skipped for user 1603 at 2025-07-04 08:59:29
2025-07-04 11:36:25,327 - INFO - main - Duplicate entry skipped for user 1452 at 2025-07-04 08:59:41
2025-07-04 11:36:25,341 - INFO - main - Duplicate entry skipped for user 11495 at 2025-07-04 08:59:48
2025-07-04 11:36:25,351 - INFO - main - Duplicate entry skipped for user 14330 at 2025-07-04 09:00:19
2025-07-04 11:36:25,361 - INFO - main - Duplicate entry skipped for user 15698 at 2025-07-04 09:01:51
2025-07-04 11:36:25,373 - INFO - main - Duplicate entry skipped for user 14457 at 2025-07-04 09:02:06
2025-07-04 11:36:25,384 - INFO - main - Duplicate entry skipped for user 13529 at 2025-07-04 09:04:41
2025-07-04 11:36:25,395 - INFO - main - Duplicate entry skipped for user 1292 at 2025-07-04 09:07:44
2025-07-04 11:36:25,423 - INFO - main - Duplicate entry skipped for user 8868 at 2025-07-04 09:07:54
2025-07-04 11:36:25,447 - INFO - main - Duplicate entry skipped for user 9628 at 2025-07-04 09:17:13
2025-07-04 11:36:25,459 - INFO - main - Duplicate entry skipped for user 10407 at 2025-07-04 09:17:30
2025-07-04 11:36:25,469 - INFO - main - Duplicate entry skipped for user 15563 at 2025-07-04 09:29:46
2025-07-04 11:36:25,481 - INFO - main - Duplicate entry skipped for user 10083 at 2025-07-04 10:08:25
2025-07-04 11:36:25,496 - INFO - main - Duplicate entry skipped for user 1000 at 2025-07-04 11:19:29
2025-07-04 11:36:25,504 - INFO - main - Attendance records stored in database successfully
2025-07-04 11:36:25,504 - INFO - main - Attendance records fetched successfully
2025-07-04 11:36:25,546 - INFO - main - Disconnected from device
2025-07-04 11:36:26,304 - INFO - main - Duplicate entry skipped for user 1869 at 2025-07-03 16:29:17
2025-07-04 11:36:26,313 - INFO - main - Duplicate entry skipped for user 1446 at 2025-07-03 16:30:28
2025-07-04 11:36:26,328 - INFO - main - Duplicate entry skipped for user 10407 at 2025-07-03 16:30:34
2025-07-04 11:36:26,340 - INFO - main - Duplicate entry skipped for user 8035 at 2025-07-03 16:31:07
2025-07-04 11:36:26,354 - INFO - main - Duplicate entry skipped for user 1001 at 2025-07-03 16:32:15
2025-07-04 11:36:26,365 - INFO - main - Duplicate entry skipped for user 15471 at 2025-07-03 16:32:24
2025-07-04 11:36:26,377 - INFO - main - Duplicate entry skipped for user 1576 at 2025-07-03 16:32:52
2025-07-04 11:36:26,392 - INFO - main - Duplicate entry skipped for user 11762 at 2025-07-03 16:33:41
2025-07-04 11:36:26,403 - INFO - main - Duplicate entry skipped for user 9748 at 2025-07-03 16:38:02
2025-07-04 11:36:26,414 - INFO - main - Duplicate entry skipped for user 1170 at 2025-07-03 16:42:33
2025-07-04 11:36:26,424 - INFO - main - Duplicate entry skipped for user 8102 at 2025-07-03 16:44:20
2025-07-04 11:36:26,438 - INFO - main - Duplicate entry skipped for user 11471 at 2025-07-03 16:47:02
2025-07-04 11:36:26,447 - INFO - main - Duplicate entry skipped for user 13278 at 2025-07-03 16:49:27
2025-07-04 11:36:26,458 - INFO - main - Duplicate entry skipped for user 9018 at 2025-07-03 16:51:18
2025-07-04 11:36:26,469 - INFO - main - Duplicate entry skipped for user 11554 at 2025-07-03 16:55:42
2025-07-04 11:36:26,483 - INFO - main - Duplicate entry skipped for user 13932 at 2025-07-03 18:42:03
2025-07-04 11:36:26,493 - INFO - main - Duplicate entry skipped for user 2048 at 2025-07-03 22:47:05
2025-07-04 11:36:26,502 - INFO - main - Duplicate entry skipped for user 1002 at 2025-07-04 06:25:37
2025-07-04 11:36:26,511 - INFO - main - Duplicate entry skipped for user 1291 at 2025-07-04 06:44:15
2025-07-04 11:36:26,521 - INFO - main - Duplicate entry skipped for user 13118 at 2025-07-04 06:45:02
2025-07-04 11:36:26,532 - INFO - main - Duplicate entry skipped for user 1001 at 2025-07-04 07:16:50
2025-07-04 11:36:26,542 - INFO - main - Duplicate entry skipped for user 840 at 2025-07-04 07:54:37
2025-07-04 11:36:26,553 - INFO - main - Duplicate entry skipped for user 13932 at 2025-07-04 08:17:30
2025-07-04 11:36:26,564 - INFO - main - Duplicate entry skipped for user 1412 at 2025-07-04 08:23:42
2025-07-04 11:36:26,574 - INFO - main - Duplicate entry skipped for user 5080 at 2025-07-04 08:28:57
2025-07-04 11:36:26,583 - INFO - main - Duplicate entry skipped for user 13279 at 2025-07-04 08:29:41
2025-07-04 11:36:26,594 - INFO - main - Duplicate entry skipped for user 10116 at 2025-07-04 08:29:50
2025-07-04 11:36:26,603 - INFO - main - Duplicate entry skipped for user 9018 at 2025-07-04 08:31:52
2025-07-04 11:36:26,612 - INFO - main - Duplicate entry skipped for user 13278 at 2025-07-04 08:31:55
2025-07-04 11:36:26,623 - INFO - main - Duplicate entry skipped for user 10000 at 2025-07-04 08:32:05
2025-07-04 11:36:26,643 - INFO - main - Duplicate entry skipped for user 1599 at 2025-07-04 08:32:12
2025-07-04 11:36:26,656 - INFO - main - Duplicate entry skipped for user 15042 at 2025-07-04 08:32:16
2025-07-04 11:36:26,669 - INFO - main - Duplicate entry skipped for user 1446 at 2025-07-04 08:35:07
2025-07-04 11:36:26,685 - INFO - main - Duplicate entry skipped for user 1170 at 2025-07-04 08:35:13
2025-07-04 11:36:26,698 - INFO - main - Duplicate entry skipped for user 8035 at 2025-07-04 08:35:16
2025-07-04 11:36:26,723 - INFO - main - Duplicate entry skipped for user 11554 at 2025-07-04 08:39:06
2025-07-04 11:36:26,741 - INFO - main - Duplicate entry skipped for user 8102 at 2025-07-04 08:46:59
2025-07-04 11:36:26,761 - INFO - main - Duplicate entry skipped for user 9748 at 2025-07-04 08:48:34
2025-07-04 11:36:26,777 - INFO - main - Duplicate entry skipped for user 10335 at 2025-07-04 08:49:30
2025-07-04 11:36:26,791 - INFO - main - Duplicate entry skipped for user 11471 at 2025-07-04 08:57:18
2025-07-04 11:36:26,808 - INFO - main - Duplicate entry skipped for user 11762 at 2025-07-04 08:57:52
2025-07-04 11:36:26,826 - INFO - main - Duplicate entry skipped for user 1869 at 2025-07-04 08:59:09
2025-07-04 11:36:26,832 - INFO - main - Attendance records stored in database successfully
2025-07-04 11:36:26,833 - INFO - main - Attendance records fetched successfully
2025-07-04 11:36:26,878 - INFO - main - Disconnected from device
2025-07-04 11:41:20,637 - INFO - main - Duplicate entry skipped for user 11768 at 2025-07-03 16:29:29
2025-07-04 11:41:20,656 - INFO - main - Duplicate entry skipped for user 13708 at 2025-07-03 16:29:36
2025-07-04 11:41:20,670 - INFO - main - Duplicate entry skipped for user 8531 at 2025-07-03 16:29:43
2025-07-04 11:41:20,688 - INFO - main - Duplicate entry skipped for user 10049 at 2025-07-03 16:30:19
2025-07-04 11:41:20,702 - INFO - main - Duplicate entry skipped for user 1523 at 2025-07-03 16:30:24
2025-07-04 11:41:20,718 - INFO - main - Duplicate entry skipped for user 1580 at 2025-07-03 16:30:29
2025-07-04 11:41:20,730 - INFO - main - Duplicate entry skipped for user 14194 at 2025-07-03 16:30:33
2025-07-04 11:41:20,751 - INFO - main - Duplicate entry skipped for user 1536 at 2025-07-03 16:30:41
2025-07-04 11:41:20,768 - INFO - main - Duplicate entry skipped for user 14307 at 2025-07-03 16:30:50
2025-07-04 11:41:20,783 - INFO - main - Duplicate entry skipped for user 15037 at 2025-07-03 16:31:01
2025-07-04 11:41:20,795 - INFO - main - Duplicate entry skipped for user 15212 at 2025-07-03 16:31:07
2025-07-04 11:41:20,809 - INFO - main - Duplicate entry skipped for user 13611 at 2025-07-03 16:31:10
2025-07-04 11:41:20,819 - INFO - main - Duplicate entry skipped for user 10091 at 2025-07-03 16:31:31
2025-07-04 11:41:20,829 - INFO - main - Duplicate entry skipped for user 8877 at 2025-07-03 16:31:36
2025-07-04 11:41:20,842 - INFO - main - Duplicate entry skipped for user 10116 at 2025-07-03 16:31:39
2025-07-04 11:41:20,852 - INFO - main - Duplicate entry skipped for user 15325 at 2025-07-03 16:31:42
2025-07-04 11:41:20,864 - INFO - main - Duplicate entry skipped for user 15032 at 2025-07-03 16:31:45
2025-07-04 11:41:20,877 - INFO - main - Duplicate entry skipped for user 13416 at 2025-07-03 16:31:48
2025-07-04 11:41:20,891 - INFO - main - Duplicate entry skipped for user 998 at 2025-07-03 16:32:19
2025-07-04 11:41:20,904 - INFO - main - Duplicate entry skipped for user 14099 at 2025-07-03 16:32:24
2025-07-04 11:41:20,917 - INFO - main - Duplicate entry skipped for user 15043 at 2025-07-03 16:32:28
2025-07-04 11:41:20,931 - INFO - main - Duplicate entry skipped for user 10297 at 2025-07-03 16:32:33
2025-07-04 11:41:20,946 - INFO - main - Duplicate entry skipped for user 10280 at 2025-07-03 16:32:39
2025-07-04 11:41:20,967 - INFO - main - Duplicate entry skipped for user 1296 at 2025-07-03 16:32:46
2025-07-04 11:41:20,980 - INFO - main - Duplicate entry skipped for user 15082 at 2025-07-03 16:32:58
2025-07-04 11:41:20,995 - INFO - main - Duplicate entry skipped for user 3081 at 2025-07-03 16:33:10
2025-07-04 11:41:21,014 - INFO - main - Duplicate entry skipped for user 15041 at 2025-07-03 16:33:50
2025-07-04 11:41:21,027 - INFO - main - Duplicate entry skipped for user 10678 at 2025-07-03 16:33:53
2025-07-04 11:41:21,038 - INFO - main - Duplicate entry skipped for user 330 at 2025-07-03 16:34:02
2025-07-04 11:41:21,050 - INFO - main - Duplicate entry skipped for user 1867 at 2025-07-03 16:34:10
2025-07-04 11:41:21,074 - INFO - main - Duplicate entry skipped for user 1494 at 2025-07-03 16:34:24
2025-07-04 11:41:21,084 - INFO - main - Duplicate entry skipped for user 14932 at 2025-07-03 16:34:43
2025-07-04 11:41:21,094 - INFO - main - Duplicate entry skipped for user 10083 at 2025-07-03 16:34:45
2025-07-04 11:41:21,106 - INFO - main - Duplicate entry skipped for user 3782 at 2025-07-03 16:34:56
2025-07-04 11:41:21,119 - INFO - main - Duplicate entry skipped for user 15042 at 2025-07-03 16:35:20
2025-07-04 11:41:21,152 - INFO - main - Duplicate entry skipped for user 854 at 2025-07-03 16:35:24
2025-07-04 11:41:21,163 - INFO - main - Duplicate entry skipped for user 14588 at 2025-07-03 16:35:30
2025-07-04 11:41:21,180 - INFO - main - Duplicate entry skipped for user 569 at 2025-07-03 16:37:52
2025-07-04 11:41:21,192 - INFO - main - Duplicate entry skipped for user 2240 at 2025-07-03 16:38:10
2025-07-04 11:41:21,203 - INFO - main - Duplicate entry skipped for user 12345 at 2025-07-03 16:39:49
2025-07-04 11:41:21,216 - INFO - main - Duplicate entry skipped for user 11636 at 2025-07-03 16:39:59
2025-07-04 11:41:21,227 - INFO - main - Duplicate entry skipped for user 1907 at 2025-07-03 16:40:48
2025-07-04 11:41:21,240 - INFO - main - Duplicate entry skipped for user 15558 at 2025-07-03 16:41:01
2025-07-04 11:41:21,251 - INFO - main - Duplicate entry skipped for user 15687 at 2025-07-03 16:41:08
2025-07-04 11:41:21,263 - INFO - main - Duplicate entry skipped for user 15643 at 2025-07-03 16:41:13
2025-07-04 11:41:21,283 - INFO - main - Duplicate entry skipped for user 9017 at 2025-07-03 16:43:04
2025-07-04 11:41:21,299 - INFO - main - Duplicate entry skipped for user 15563 at 2025-07-03 16:43:25
2025-07-04 11:41:21,314 - INFO - main - Duplicate entry skipped for user 15630 at 2025-07-03 16:44:36
2025-07-04 11:41:21,328 - INFO - main - Duplicate entry skipped for user 12014 at 2025-07-03 16:46:52
2025-07-04 11:41:21,338 - INFO - main - Duplicate entry skipped for user 48 at 2025-07-03 16:49:32
2025-07-04 11:41:21,347 - INFO - main - Duplicate entry skipped for user 13706 at 2025-07-03 16:52:25
2025-07-04 11:41:21,360 - INFO - main - Duplicate entry skipped for user 11589 at 2025-07-03 17:02:31
2025-07-04 11:41:21,381 - INFO - main - Duplicate entry skipped for user 1452 at 2025-07-03 17:05:44
2025-07-04 11:41:21,392 - INFO - main - Duplicate entry skipped for user 14457 at 2025-07-03 17:08:53
2025-07-04 11:41:21,402 - INFO - main - Duplicate entry skipped for user 11620 at 2025-07-03 17:14:10
2025-07-04 11:41:21,413 - INFO - main - Duplicate entry skipped for user 15698 at 2025-07-03 17:23:47
2025-07-04 11:41:21,429 - INFO - main - Duplicate entry skipped for user 15642 at 2025-07-03 17:31:12
2025-07-04 11:41:21,441 - INFO - main - Duplicate entry skipped for user 9628 at 2025-07-03 17:49:35
2025-07-04 11:41:21,459 - INFO - main - Duplicate entry skipped for user 278 at 2025-07-03 17:52:09
2025-07-04 11:41:21,471 - INFO - main - Duplicate entry skipped for user 14452 at 2025-07-03 17:54:37
2025-07-04 11:41:21,484 - INFO - main - Duplicate entry skipped for user 11582 at 2025-07-03 17:57:10
2025-07-04 11:41:21,496 - INFO - main - Duplicate entry skipped for user 8862 at 2025-07-03 18:33:56
2025-07-04 11:41:21,510 - INFO - main - Duplicate entry skipped for user 10335 at 2025-07-03 18:45:19
2025-07-04 11:41:21,522 - INFO - main - Duplicate entry skipped for user 144 at 2025-07-03 18:58:27
2025-07-04 11:41:21,534 - INFO - main - Duplicate entry skipped for user 1597 at 2025-07-04 05:44:48
2025-07-04 11:41:21,547 - INFO - main - Duplicate entry skipped for user 14187 at 2025-07-04 05:55:57
2025-07-04 11:41:21,559 - INFO - main - Duplicate entry skipped for user 1002 at 2025-07-04 06:30:27
2025-07-04 11:41:21,570 - INFO - main - Duplicate entry skipped for user 1580 at 2025-07-04 06:55:46
2025-07-04 11:41:21,586 - INFO - main - Duplicate entry skipped for user 1296 at 2025-07-04 07:47:34
2025-07-04 11:41:21,597 - INFO - main - Duplicate entry skipped for user 1867 at 2025-07-04 08:15:38
2025-07-04 11:41:21,610 - INFO - main - Duplicate entry skipped for user 10949 at 2025-07-04 08:16:03
2025-07-04 11:41:21,621 - INFO - main - Duplicate entry skipped for user 14099 at 2025-07-04 08:21:40
2025-07-04 11:41:21,635 - INFO - main - Duplicate entry skipped for user 11589 at 2025-07-04 08:23:01
2025-07-04 11:41:21,646 - INFO - main - Duplicate entry skipped for user 15642 at 2025-07-04 08:23:23
2025-07-04 11:41:21,656 - INFO - main - Duplicate entry skipped for user 13708 at 2025-07-04 08:23:41
2025-07-04 11:41:21,670 - INFO - main - Duplicate entry skipped for user 15212 at 2025-07-04 08:23:45
2025-07-04 11:41:21,678 - INFO - main - Duplicate entry skipped for user 10280 at 2025-07-04 08:23:48
2025-07-04 11:41:21,689 - INFO - main - Duplicate entry skipped for user 3081 at 2025-07-04 08:23:55
2025-07-04 11:41:21,700 - INFO - main - Duplicate entry skipped for user 15131 at 2025-07-04 08:24:06
2025-07-04 11:41:21,709 - INFO - main - Duplicate entry skipped for user 1982 at 2025-07-04 08:24:22
2025-07-04 11:41:21,720 - INFO - main - Duplicate entry skipped for user 13611 at 2025-07-04 08:28:47
2025-07-04 11:41:21,733 - INFO - main - Duplicate entry skipped for user 11768 at 2025-07-04 08:29:36
2025-07-04 11:41:21,744 - INFO - main - Duplicate entry skipped for user 8877 at 2025-07-04 08:29:54
2025-07-04 11:41:21,756 - INFO - main - Duplicate entry skipped for user 14307 at 2025-07-04 08:30:01
2025-07-04 11:41:21,771 - INFO - main - Duplicate entry skipped for user 998 at 2025-07-04 08:32:02
2025-07-04 11:41:21,798 - INFO - main - Duplicate entry skipped for user 1000 at 2025-07-04 08:32:08
2025-07-04 11:41:21,812 - INFO - main - Duplicate entry skipped for user 15082 at 2025-07-04 08:32:20
2025-07-04 11:41:21,828 - INFO - main - Duplicate entry skipped for user 1523 at 2025-07-04 08:32:23
2025-07-04 11:41:21,848 - INFO - main - Duplicate entry skipped for user 15325 at 2025-07-04 08:32:28
2025-07-04 11:41:21,864 - INFO - main - Duplicate entry skipped for user 15032 at 2025-07-04 08:32:30
2025-07-04 11:41:21,877 - INFO - main - Duplicate entry skipped for user 15043 at 2025-07-04 08:32:33
2025-07-04 11:41:21,888 - INFO - main - Duplicate entry skipped for user 15638 at 2025-07-04 08:33:21
2025-07-04 11:41:21,899 - INFO - main - Duplicate entry skipped for user 11636 at 2025-07-04 08:33:39
2025-07-04 11:41:21,912 - INFO - main - Duplicate entry skipped for user 3311 at 2025-07-04 08:33:58
2025-07-04 11:41:21,925 - INFO - main - Duplicate entry skipped for user 13416 at 2025-07-04 08:34:38
2025-07-04 11:41:21,936 - INFO - main - Duplicate entry skipped for user 14932 at 2025-07-04 08:35:17
2025-07-04 11:41:21,946 - INFO - main - Duplicate entry skipped for user 15558 at 2025-07-04 08:36:38
2025-07-04 11:41:21,957 - INFO - main - Duplicate entry skipped for user 14195 at 2025-07-04 08:36:51
2025-07-04 11:41:21,966 - INFO - main - Duplicate entry skipped for user 9017 at 2025-07-04 08:37:18
2025-07-04 11:41:21,977 - INFO - main - Duplicate entry skipped for user 14329 at 2025-07-04 08:38:30
2025-07-04 11:41:21,989 - INFO - main - Duplicate entry skipped for user 10678 at 2025-07-04 08:40:57
2025-07-04 11:41:21,998 - INFO - main - Duplicate entry skipped for user 12014 at 2025-07-04 08:41:00
2025-07-04 11:41:22,010 - INFO - main - Duplicate entry skipped for user 12345 at 2025-07-04 08:41:17
2025-07-04 11:41:22,020 - INFO - main - Duplicate entry skipped for user 15687 at 2025-07-04 08:41:22
2025-07-04 11:41:22,040 - INFO - main - Duplicate entry skipped for user 15643 at 2025-07-04 08:41:27
2025-07-04 11:41:22,050 - INFO - main - Duplicate entry skipped for user 569 at 2025-07-04 08:41:45
2025-07-04 11:41:22,060 - INFO - main - Duplicate entry skipped for user 3782 at 2025-07-04 08:42:14
2025-07-04 11:41:22,071 - INFO - main - Duplicate entry skipped for user 48 at 2025-07-04 08:42:21
2025-07-04 11:41:22,081 - INFO - main - Duplicate entry skipped for user 857 at 2025-07-04 08:43:29
2025-07-04 11:41:22,096 - INFO - main - Duplicate entry skipped for user 15037 at 2025-07-04 08:43:32
2025-07-04 11:41:22,111 - INFO - main - Duplicate entry skipped for user 2240 at 2025-07-04 08:45:53
2025-07-04 11:41:22,125 - INFO - main - Duplicate entry skipped for user 10091 at 2025-07-04 08:49:50
2025-07-04 11:41:22,140 - INFO - main - Duplicate entry skipped for user 10297 at 2025-07-04 08:51:47
2025-07-04 11:41:22,152 - INFO - main - Duplicate entry skipped for user 15041 at 2025-07-04 08:53:07
2025-07-04 11:41:22,162 - INFO - main - Duplicate entry skipped for user 1536 at 2025-07-04 08:53:23
2025-07-04 11:41:22,177 - INFO - main - Duplicate entry skipped for user 8531 at 2025-07-04 08:53:36
2025-07-04 11:41:22,198 - INFO - main - Duplicate entry skipped for user 13706 at 2025-07-04 08:53:43
2025-07-04 11:41:22,208 - INFO - main - Duplicate entry skipped for user 11582 at 2025-07-04 08:53:55
2025-07-04 11:41:22,220 - INFO - main - Duplicate entry skipped for user 1907 at 2025-07-04 08:54:12
2025-07-04 11:41:22,231 - INFO - main - Duplicate entry skipped for user 15630 at 2025-07-04 08:55:05
2025-07-04 11:41:22,242 - INFO - main - Duplicate entry skipped for user 10049 at 2025-07-04 08:55:22
2025-07-04 11:41:22,254 - INFO - main - Duplicate entry skipped for user 8862 at 2025-07-04 08:55:41
2025-07-04 11:41:22,271 - INFO - main - Duplicate entry skipped for user 14588 at 2025-07-04 08:56:17
2025-07-04 11:41:22,282 - INFO - main - Duplicate entry skipped for user 11620 at 2025-07-04 08:56:40
2025-07-04 11:41:22,294 - INFO - main - Duplicate entry skipped for user 854 at 2025-07-04 08:56:46
2025-07-04 11:41:22,308 - INFO - main - Duplicate entry skipped for user 2048 at 2025-07-04 08:57:26
2025-07-04 11:41:22,321 - INFO - main - Duplicate entry skipped for user 8279 at 2025-07-04 08:58:19
2025-07-04 11:41:22,332 - INFO - main - Duplicate entry skipped for user 1603 at 2025-07-04 08:59:29
2025-07-04 11:41:22,343 - INFO - main - Duplicate entry skipped for user 1452 at 2025-07-04 08:59:41
2025-07-04 11:41:22,354 - INFO - main - Duplicate entry skipped for user 11495 at 2025-07-04 08:59:48
2025-07-04 11:41:22,364 - INFO - main - Duplicate entry skipped for user 14330 at 2025-07-04 09:00:19
2025-07-04 11:41:22,379 - INFO - main - Duplicate entry skipped for user 15698 at 2025-07-04 09:01:51
2025-07-04 11:41:22,390 - INFO - main - Duplicate entry skipped for user 14457 at 2025-07-04 09:02:06
2025-07-04 11:41:22,401 - INFO - main - Duplicate entry skipped for user 13529 at 2025-07-04 09:04:41
2025-07-04 11:41:22,412 - INFO - main - Duplicate entry skipped for user 1292 at 2025-07-04 09:07:44
2025-07-04 11:41:22,422 - INFO - main - Duplicate entry skipped for user 8868 at 2025-07-04 09:07:54
2025-07-04 11:41:22,431 - INFO - main - Duplicate entry skipped for user 9628 at 2025-07-04 09:17:13
2025-07-04 11:41:22,440 - INFO - main - Duplicate entry skipped for user 10407 at 2025-07-04 09:17:30
2025-07-04 11:41:22,448 - INFO - main - Duplicate entry skipped for user 15563 at 2025-07-04 09:29:46
2025-07-04 11:41:22,457 - INFO - main - Duplicate entry skipped for user 10083 at 2025-07-04 10:08:25
2025-07-04 11:41:22,467 - INFO - main - Duplicate entry skipped for user 1000 at 2025-07-04 11:19:29
2025-07-04 11:41:22,472 - INFO - main - Attendance records stored in database successfully
2025-07-04 11:41:22,472 - INFO - main - Attendance records fetched successfully
2025-07-04 11:41:22,503 - INFO - main - Disconnected from device
2025-07-04 11:41:23,281 - INFO - main - Duplicate entry skipped for user 1869 at 2025-07-03 16:29:17
2025-07-04 11:41:23,292 - INFO - main - Duplicate entry skipped for user 1446 at 2025-07-03 16:30:28
2025-07-04 11:41:23,303 - INFO - main - Duplicate entry skipped for user 10407 at 2025-07-03 16:30:34
2025-07-04 11:41:23,313 - INFO - main - Duplicate entry skipped for user 8035 at 2025-07-03 16:31:07
2025-07-04 11:41:23,323 - INFO - main - Duplicate entry skipped for user 1001 at 2025-07-03 16:32:15
2025-07-04 11:41:23,336 - INFO - main - Duplicate entry skipped for user 15471 at 2025-07-03 16:32:24
2025-07-04 11:41:23,348 - INFO - main - Duplicate entry skipped for user 1576 at 2025-07-03 16:32:52
2025-07-04 11:41:23,359 - INFO - main - Duplicate entry skipped for user 11762 at 2025-07-03 16:33:41
2025-07-04 11:41:23,370 - INFO - main - Duplicate entry skipped for user 9748 at 2025-07-03 16:38:02
2025-07-04 11:41:23,379 - INFO - main - Duplicate entry skipped for user 1170 at 2025-07-03 16:42:33
2025-07-04 11:41:23,391 - INFO - main - Duplicate entry skipped for user 8102 at 2025-07-03 16:44:20
2025-07-04 11:41:23,401 - INFO - main - Duplicate entry skipped for user 11471 at 2025-07-03 16:47:02
2025-07-04 11:41:23,412 - INFO - main - Duplicate entry skipped for user 13278 at 2025-07-03 16:49:27
2025-07-04 11:41:23,422 - INFO - main - Duplicate entry skipped for user 9018 at 2025-07-03 16:51:18
2025-07-04 11:41:23,441 - INFO - main - Duplicate entry skipped for user 11554 at 2025-07-03 16:55:42
2025-07-04 11:41:23,452 - INFO - main - Duplicate entry skipped for user 13932 at 2025-07-03 18:42:03
2025-07-04 11:41:23,461 - INFO - main - Duplicate entry skipped for user 2048 at 2025-07-03 22:47:05
2025-07-04 11:41:23,472 - INFO - main - Duplicate entry skipped for user 1002 at 2025-07-04 06:25:37
2025-07-04 11:41:23,486 - INFO - main - Duplicate entry skipped for user 1291 at 2025-07-04 06:44:15
2025-07-04 11:41:23,497 - INFO - main - Duplicate entry skipped for user 13118 at 2025-07-04 06:45:02
2025-07-04 11:41:23,510 - INFO - main - Duplicate entry skipped for user 1001 at 2025-07-04 07:16:50
2025-07-04 11:41:23,520 - INFO - main - Duplicate entry skipped for user 840 at 2025-07-04 07:54:37
2025-07-04 11:41:23,537 - INFO - main - Duplicate entry skipped for user 13932 at 2025-07-04 08:17:30
2025-07-04 11:41:23,547 - INFO - main - Duplicate entry skipped for user 1412 at 2025-07-04 08:23:42
2025-07-04 11:41:23,557 - INFO - main - Duplicate entry skipped for user 5080 at 2025-07-04 08:28:57
2025-07-04 11:41:23,568 - INFO - main - Duplicate entry skipped for user 13279 at 2025-07-04 08:29:41
2025-07-04 11:41:23,578 - INFO - main - Duplicate entry skipped for user 10116 at 2025-07-04 08:29:50
2025-07-04 11:41:23,589 - INFO - main - Duplicate entry skipped for user 9018 at 2025-07-04 08:31:52
2025-07-04 11:41:23,600 - INFO - main - Duplicate entry skipped for user 13278 at 2025-07-04 08:31:55
2025-07-04 11:41:23,609 - INFO - main - Duplicate entry skipped for user 10000 at 2025-07-04 08:32:05
2025-07-04 11:41:23,620 - INFO - main - Duplicate entry skipped for user 1599 at 2025-07-04 08:32:12
2025-07-04 11:41:23,631 - INFO - main - Duplicate entry skipped for user 15042 at 2025-07-04 08:32:16
2025-07-04 11:41:23,641 - INFO - main - Duplicate entry skipped for user 1446 at 2025-07-04 08:35:07
2025-07-04 11:41:23,653 - INFO - main - Duplicate entry skipped for user 1170 at 2025-07-04 08:35:13
2025-07-04 11:41:23,663 - INFO - main - Duplicate entry skipped for user 8035 at 2025-07-04 08:35:16
2025-07-04 11:41:23,674 - INFO - main - Duplicate entry skipped for user 11554 at 2025-07-04 08:39:06
2025-07-04 11:41:23,686 - INFO - main - Duplicate entry skipped for user 8102 at 2025-07-04 08:46:59
2025-07-04 11:41:23,697 - INFO - main - Duplicate entry skipped for user 9748 at 2025-07-04 08:48:34
2025-07-04 11:41:23,706 - INFO - main - Duplicate entry skipped for user 10335 at 2025-07-04 08:49:30
2025-07-04 11:41:23,718 - INFO - main - Duplicate entry skipped for user 11471 at 2025-07-04 08:57:18
2025-07-04 11:41:23,730 - INFO - main - Duplicate entry skipped for user 11762 at 2025-07-04 08:57:52
2025-07-04 11:41:23,741 - INFO - main - Duplicate entry skipped for user 1869 at 2025-07-04 08:59:09
2025-07-04 11:41:23,746 - INFO - main - Attendance records stored in database successfully
2025-07-04 11:41:23,747 - INFO - main - Attendance records fetched successfully
2025-07-04 11:41:23,784 - INFO - main - Disconnected from device
2025-07-04 11:46:20,311 - INFO - main - Duplicate entry skipped for user 11768 at 2025-07-03 16:29:29
2025-07-04 11:46:20,322 - INFO - main - Duplicate entry skipped for user 13708 at 2025-07-03 16:29:36
2025-07-04 11:46:20,331 - INFO - main - Duplicate entry skipped for user 8531 at 2025-07-03 16:29:43
2025-07-04 11:46:20,342 - INFO - main - Duplicate entry skipped for user 10049 at 2025-07-03 16:30:19
2025-07-04 11:46:20,351 - INFO - main - Duplicate entry skipped for user 1523 at 2025-07-03 16:30:24
2025-07-04 11:46:20,362 - INFO - main - Duplicate entry skipped for user 1580 at 2025-07-03 16:30:29
2025-07-04 11:46:20,373 - INFO - main - Duplicate entry skipped for user 14194 at 2025-07-03 16:30:33
2025-07-04 11:46:20,383 - INFO - main - Duplicate entry skipped for user 1536 at 2025-07-03 16:30:41
2025-07-04 11:46:20,393 - INFO - main - Duplicate entry skipped for user 14307 at 2025-07-03 16:30:50
2025-07-04 11:46:20,405 - INFO - main - Duplicate entry skipped for user 15037 at 2025-07-03 16:31:01
2025-07-04 11:46:20,415 - INFO - main - Duplicate entry skipped for user 15212 at 2025-07-03 16:31:07
2025-07-04 11:46:20,427 - INFO - main - Duplicate entry skipped for user 13611 at 2025-07-03 16:31:10
2025-07-04 11:46:20,447 - INFO - main - Duplicate entry skipped for user 10091 at 2025-07-03 16:31:31
2025-07-04 11:46:20,460 - INFO - main - Duplicate entry skipped for user 8877 at 2025-07-03 16:31:36
2025-07-04 11:46:20,479 - INFO - main - Duplicate entry skipped for user 10116 at 2025-07-03 16:31:39
2025-07-04 11:46:20,492 - INFO - main - Duplicate entry skipped for user 15325 at 2025-07-03 16:31:42
2025-07-04 11:46:20,502 - INFO - main - Duplicate entry skipped for user 15032 at 2025-07-03 16:31:45
2025-07-04 11:46:20,512 - INFO - main - Duplicate entry skipped for user 13416 at 2025-07-03 16:31:48
2025-07-04 11:46:20,525 - INFO - main - Duplicate entry skipped for user 998 at 2025-07-03 16:32:19
2025-07-04 11:46:20,538 - INFO - main - Duplicate entry skipped for user 14099 at 2025-07-03 16:32:24
2025-07-04 11:46:20,552 - INFO - main - Duplicate entry skipped for user 15043 at 2025-07-03 16:32:28
2025-07-04 11:46:20,567 - INFO - main - Duplicate entry skipped for user 10297 at 2025-07-03 16:32:33
2025-07-04 11:46:20,581 - INFO - main - Duplicate entry skipped for user 10280 at 2025-07-03 16:32:39
2025-07-04 11:46:20,594 - INFO - main - Duplicate entry skipped for user 1296 at 2025-07-03 16:32:46
2025-07-04 11:46:20,605 - INFO - main - Duplicate entry skipped for user 15082 at 2025-07-03 16:32:58
2025-07-04 11:46:20,615 - INFO - main - Duplicate entry skipped for user 3081 at 2025-07-03 16:33:10
2025-07-04 11:46:20,627 - INFO - main - Duplicate entry skipped for user 15041 at 2025-07-03 16:33:50
2025-07-04 11:46:20,639 - INFO - main - Duplicate entry skipped for user 10678 at 2025-07-03 16:33:53
2025-07-04 11:46:20,651 - INFO - main - Duplicate entry skipped for user 330 at 2025-07-03 16:34:02
2025-07-04 11:46:20,662 - INFO - main - Duplicate entry skipped for user 1867 at 2025-07-03 16:34:10
2025-07-04 11:46:20,671 - INFO - main - Duplicate entry skipped for user 1494 at 2025-07-03 16:34:24
2025-07-04 11:46:20,684 - INFO - main - Duplicate entry skipped for user 14932 at 2025-07-03 16:34:43
2025-07-04 11:46:20,695 - INFO - main - Duplicate entry skipped for user 10083 at 2025-07-03 16:34:45
2025-07-04 11:46:20,706 - INFO - main - Duplicate entry skipped for user 3782 at 2025-07-03 16:34:56
2025-07-04 11:46:20,720 - INFO - main - Duplicate entry skipped for user 15042 at 2025-07-03 16:35:20
2025-07-04 11:46:20,730 - INFO - main - Duplicate entry skipped for user 854 at 2025-07-03 16:35:24
2025-07-04 11:46:20,742 - INFO - main - Duplicate entry skipped for user 14588 at 2025-07-03 16:35:30
2025-07-04 11:46:20,753 - INFO - main - Duplicate entry skipped for user 569 at 2025-07-03 16:37:52
2025-07-04 11:46:20,765 - INFO - main - Duplicate entry skipped for user 2240 at 2025-07-03 16:38:10
2025-07-04 11:46:20,777 - INFO - main - Duplicate entry skipped for user 12345 at 2025-07-03 16:39:49
2025-07-04 11:46:20,794 - INFO - main - Duplicate entry skipped for user 11636 at 2025-07-03 16:39:59
2025-07-04 11:46:20,811 - INFO - main - Duplicate entry skipped for user 1907 at 2025-07-03 16:40:48
2025-07-04 11:46:20,825 - INFO - main - Duplicate entry skipped for user 15558 at 2025-07-03 16:41:01
2025-07-04 11:46:20,843 - INFO - main - Duplicate entry skipped for user 15687 at 2025-07-03 16:41:08
2025-07-04 11:46:20,859 - INFO - main - Duplicate entry skipped for user 15643 at 2025-07-03 16:41:13
2025-07-04 11:46:20,886 - INFO - main - Duplicate entry skipped for user 9017 at 2025-07-03 16:43:04
2025-07-04 11:46:20,906 - INFO - main - Duplicate entry skipped for user 15563 at 2025-07-03 16:43:25
2025-07-04 11:46:20,924 - INFO - main - Duplicate entry skipped for user 15630 at 2025-07-03 16:44:36
2025-07-04 11:46:20,937 - INFO - main - Duplicate entry skipped for user 12014 at 2025-07-03 16:46:52
2025-07-04 11:46:20,948 - INFO - main - Duplicate entry skipped for user 48 at 2025-07-03 16:49:32
2025-07-04 11:46:20,961 - INFO - main - Duplicate entry skipped for user 13706 at 2025-07-03 16:52:25
2025-07-04 11:46:20,971 - INFO - main - Duplicate entry skipped for user 11589 at 2025-07-03 17:02:31
2025-07-04 11:46:20,983 - INFO - main - Duplicate entry skipped for user 1452 at 2025-07-03 17:05:44
2025-07-04 11:46:20,994 - INFO - main - Duplicate entry skipped for user 14457 at 2025-07-03 17:08:53
2025-07-04 11:46:21,004 - INFO - main - Duplicate entry skipped for user 11620 at 2025-07-03 17:14:10
2025-07-04 11:46:21,019 - INFO - main - Duplicate entry skipped for user 15698 at 2025-07-03 17:23:47
2025-07-04 11:46:21,035 - INFO - main - Duplicate entry skipped for user 15642 at 2025-07-03 17:31:12
2025-07-04 11:46:21,045 - INFO - main - Duplicate entry skipped for user 9628 at 2025-07-03 17:49:35
2025-07-04 11:46:21,058 - INFO - main - Duplicate entry skipped for user 278 at 2025-07-03 17:52:09
2025-07-04 11:46:21,070 - INFO - main - Duplicate entry skipped for user 14452 at 2025-07-03 17:54:37
2025-07-04 11:46:21,082 - INFO - main - Duplicate entry skipped for user 11582 at 2025-07-03 17:57:10
2025-07-04 11:46:21,104 - INFO - main - Duplicate entry skipped for user 8862 at 2025-07-03 18:33:56
2025-07-04 11:46:21,116 - INFO - main - Duplicate entry skipped for user 10335 at 2025-07-03 18:45:19
2025-07-04 11:46:21,134 - INFO - main - Duplicate entry skipped for user 144 at 2025-07-03 18:58:27
2025-07-04 11:46:21,145 - INFO - main - Duplicate entry skipped for user 1597 at 2025-07-04 05:44:48
2025-07-04 11:46:21,157 - INFO - main - Duplicate entry skipped for user 14187 at 2025-07-04 05:55:57
2025-07-04 11:46:21,178 - INFO - main - Duplicate entry skipped for user 1002 at 2025-07-04 06:30:27
2025-07-04 11:46:21,193 - INFO - main - Duplicate entry skipped for user 1580 at 2025-07-04 06:55:46
2025-07-04 11:46:21,205 - INFO - main - Duplicate entry skipped for user 1296 at 2025-07-04 07:47:34
2025-07-04 11:46:21,217 - INFO - main - Duplicate entry skipped for user 1867 at 2025-07-04 08:15:38
2025-07-04 11:46:21,229 - INFO - main - Duplicate entry skipped for user 10949 at 2025-07-04 08:16:03
2025-07-04 11:46:21,242 - INFO - main - Duplicate entry skipped for user 14099 at 2025-07-04 08:21:40
2025-07-04 11:46:21,255 - INFO - main - Duplicate entry skipped for user 11589 at 2025-07-04 08:23:01
2025-07-04 11:46:21,270 - INFO - main - Duplicate entry skipped for user 15642 at 2025-07-04 08:23:23
2025-07-04 11:46:21,284 - INFO - main - Duplicate entry skipped for user 13708 at 2025-07-04 08:23:41
2025-07-04 11:46:21,296 - INFO - main - Duplicate entry skipped for user 15212 at 2025-07-04 08:23:45
2025-07-04 11:46:21,311 - INFO - main - Duplicate entry skipped for user 10280 at 2025-07-04 08:23:48
2025-07-04 11:46:21,321 - INFO - main - Duplicate entry skipped for user 3081 at 2025-07-04 08:23:55
2025-07-04 11:46:21,333 - INFO - main - Duplicate entry skipped for user 15131 at 2025-07-04 08:24:06
2025-07-04 11:46:21,349 - INFO - main - Duplicate entry skipped for user 1982 at 2025-07-04 08:24:22
2025-07-04 11:46:21,367 - INFO - main - Duplicate entry skipped for user 13611 at 2025-07-04 08:28:47
2025-07-04 11:46:21,378 - INFO - main - Duplicate entry skipped for user 11768 at 2025-07-04 08:29:36
2025-07-04 11:46:21,388 - INFO - main - Duplicate entry skipped for user 8877 at 2025-07-04 08:29:54
2025-07-04 11:46:21,399 - INFO - main - Duplicate entry skipped for user 14307 at 2025-07-04 08:30:01
2025-07-04 11:46:21,412 - INFO - main - Duplicate entry skipped for user 998 at 2025-07-04 08:32:02
2025-07-04 11:46:21,424 - INFO - main - Duplicate entry skipped for user 1000 at 2025-07-04 08:32:08
2025-07-04 11:46:21,446 - INFO - main - Duplicate entry skipped for user 15082 at 2025-07-04 08:32:20
2025-07-04 11:46:21,457 - INFO - main - Duplicate entry skipped for user 1523 at 2025-07-04 08:32:23
2025-07-04 11:46:21,466 - INFO - main - Duplicate entry skipped for user 15325 at 2025-07-04 08:32:28
2025-07-04 11:46:21,482 - INFO - main - Duplicate entry skipped for user 15032 at 2025-07-04 08:32:30
2025-07-04 11:46:21,496 - INFO - main - Duplicate entry skipped for user 15043 at 2025-07-04 08:32:33
2025-07-04 11:46:21,510 - INFO - main - Duplicate entry skipped for user 15638 at 2025-07-04 08:33:21
2025-07-04 11:46:21,521 - INFO - main - Duplicate entry skipped for user 11636 at 2025-07-04 08:33:39
2025-07-04 11:46:21,530 - INFO - main - Duplicate entry skipped for user 3311 at 2025-07-04 08:33:58
2025-07-04 11:46:21,540 - INFO - main - Duplicate entry skipped for user 13416 at 2025-07-04 08:34:38
2025-07-04 11:46:21,553 - INFO - main - Duplicate entry skipped for user 14932 at 2025-07-04 08:35:17
2025-07-04 11:46:21,566 - INFO - main - Duplicate entry skipped for user 15558 at 2025-07-04 08:36:38
2025-07-04 11:46:21,579 - INFO - main - Duplicate entry skipped for user 14195 at 2025-07-04 08:36:51
2025-07-04 11:46:21,592 - INFO - main - Duplicate entry skipped for user 9017 at 2025-07-04 08:37:18
2025-07-04 11:46:21,602 - INFO - main - Duplicate entry skipped for user 14329 at 2025-07-04 08:38:30
2025-07-04 11:46:21,613 - INFO - main - Duplicate entry skipped for user 10678 at 2025-07-04 08:40:57
2025-07-04 11:46:21,623 - INFO - main - Duplicate entry skipped for user 12014 at 2025-07-04 08:41:00
2025-07-04 11:46:21,637 - INFO - main - Duplicate entry skipped for user 12345 at 2025-07-04 08:41:17
2025-07-04 11:46:21,647 - INFO - main - Duplicate entry skipped for user 15687 at 2025-07-04 08:41:22
2025-07-04 11:46:21,662 - INFO - main - Duplicate entry skipped for user 15643 at 2025-07-04 08:41:27
2025-07-04 11:46:21,674 - INFO - main - Duplicate entry skipped for user 569 at 2025-07-04 08:41:45
2025-07-04 11:46:21,688 - INFO - main - Duplicate entry skipped for user 3782 at 2025-07-04 08:42:14
2025-07-04 11:46:21,700 - INFO - main - Duplicate entry skipped for user 48 at 2025-07-04 08:42:21
2025-07-04 11:46:21,712 - INFO - main - Duplicate entry skipped for user 857 at 2025-07-04 08:43:29
2025-07-04 11:46:21,723 - INFO - main - Duplicate entry skipped for user 15037 at 2025-07-04 08:43:32
2025-07-04 11:46:21,733 - INFO - main - Duplicate entry skipped for user 2240 at 2025-07-04 08:45:53
2025-07-04 11:46:21,748 - INFO - main - Duplicate entry skipped for user 10091 at 2025-07-04 08:49:50
2025-07-04 11:46:21,760 - INFO - main - Duplicate entry skipped for user 10297 at 2025-07-04 08:51:47
2025-07-04 11:46:21,771 - INFO - main - Duplicate entry skipped for user 15041 at 2025-07-04 08:53:07
2025-07-04 11:46:21,788 - INFO - main - Duplicate entry skipped for user 1536 at 2025-07-04 08:53:23
2025-07-04 11:46:21,809 - INFO - main - Duplicate entry skipped for user 8531 at 2025-07-04 08:53:36
2025-07-04 11:46:21,824 - INFO - main - Duplicate entry skipped for user 13706 at 2025-07-04 08:53:43
2025-07-04 11:46:21,837 - INFO - main - Duplicate entry skipped for user 11582 at 2025-07-04 08:53:55
2025-07-04 11:46:21,848 - INFO - main - Duplicate entry skipped for user 1907 at 2025-07-04 08:54:12
2025-07-04 11:46:21,863 - INFO - main - Duplicate entry skipped for user 15630 at 2025-07-04 08:55:05
2025-07-04 11:46:21,875 - INFO - main - Duplicate entry skipped for user 10049 at 2025-07-04 08:55:22
2025-07-04 11:46:21,885 - INFO - main - Duplicate entry skipped for user 8862 at 2025-07-04 08:55:41
2025-07-04 11:46:21,898 - INFO - main - Duplicate entry skipped for user 14588 at 2025-07-04 08:56:17
2025-07-04 11:46:21,909 - INFO - main - Duplicate entry skipped for user 11620 at 2025-07-04 08:56:40
2025-07-04 11:46:21,921 - INFO - main - Duplicate entry skipped for user 854 at 2025-07-04 08:56:46
2025-07-04 11:46:21,932 - INFO - main - Duplicate entry skipped for user 2048 at 2025-07-04 08:57:26
2025-07-04 11:46:21,949 - INFO - main - Duplicate entry skipped for user 8279 at 2025-07-04 08:58:19
2025-07-04 11:46:21,961 - INFO - main - Duplicate entry skipped for user 1603 at 2025-07-04 08:59:29
2025-07-04 11:46:21,975 - INFO - main - Duplicate entry skipped for user 1452 at 2025-07-04 08:59:41
2025-07-04 11:46:21,991 - INFO - main - Duplicate entry skipped for user 11495 at 2025-07-04 08:59:48
2025-07-04 11:46:22,001 - INFO - main - Duplicate entry skipped for user 14330 at 2025-07-04 09:00:19
2025-07-04 11:46:22,017 - INFO - main - Duplicate entry skipped for user 15698 at 2025-07-04 09:01:51
2025-07-04 11:46:22,027 - INFO - main - Duplicate entry skipped for user 14457 at 2025-07-04 09:02:06
2025-07-04 11:46:22,052 - INFO - main - Duplicate entry skipped for user 13529 at 2025-07-04 09:04:41
2025-07-04 11:46:22,068 - INFO - main - Duplicate entry skipped for user 1292 at 2025-07-04 09:07:44
2025-07-04 11:46:22,083 - INFO - main - Duplicate entry skipped for user 8868 at 2025-07-04 09:07:54
2025-07-04 11:46:22,096 - INFO - main - Duplicate entry skipped for user 9628 at 2025-07-04 09:17:13
2025-07-04 11:46:22,107 - INFO - main - Duplicate entry skipped for user 10407 at 2025-07-04 09:17:30
2025-07-04 11:46:22,122 - INFO - main - Duplicate entry skipped for user 15563 at 2025-07-04 09:29:46
2025-07-04 11:46:22,133 - INFO - main - Duplicate entry skipped for user 10083 at 2025-07-04 10:08:25
2025-07-04 11:46:22,151 - INFO - main - Duplicate entry skipped for user 1000 at 2025-07-04 11:19:29
2025-07-04 11:46:22,157 - INFO - main - Attendance records stored in database successfully
2025-07-04 11:46:22,157 - INFO - main - Attendance records fetched successfully
2025-07-04 11:46:22,195 - INFO - main - Disconnected from device
2025-07-04 11:46:22,906 - INFO - main - Duplicate entry skipped for user 1869 at 2025-07-03 16:29:17
2025-07-04 11:46:22,922 - INFO - main - Duplicate entry skipped for user 1446 at 2025-07-03 16:30:28
2025-07-04 11:46:22,934 - INFO - main - Duplicate entry skipped for user 10407 at 2025-07-03 16:30:34
2025-07-04 11:46:22,947 - INFO - main - Duplicate entry skipped for user 8035 at 2025-07-03 16:31:07
2025-07-04 11:46:22,963 - INFO - main - Duplicate entry skipped for user 1001 at 2025-07-03 16:32:15
2025-07-04 11:46:22,976 - INFO - main - Duplicate entry skipped for user 15471 at 2025-07-03 16:32:24
2025-07-04 11:46:22,990 - INFO - main - Duplicate entry skipped for user 1576 at 2025-07-03 16:32:52
2025-07-04 11:46:23,008 - INFO - main - Duplicate entry skipped for user 11762 at 2025-07-03 16:33:41
2025-07-04 11:46:23,020 - INFO - main - Duplicate entry skipped for user 9748 at 2025-07-03 16:38:02
2025-07-04 11:46:23,032 - INFO - main - Duplicate entry skipped for user 1170 at 2025-07-03 16:42:33
2025-07-04 11:46:23,056 - INFO - main - Duplicate entry skipped for user 8102 at 2025-07-03 16:44:20
2025-07-04 11:46:23,070 - INFO - main - Duplicate entry skipped for user 11471 at 2025-07-03 16:47:02
2025-07-04 11:46:23,085 - INFO - main - Duplicate entry skipped for user 13278 at 2025-07-03 16:49:27
2025-07-04 11:46:23,095 - INFO - main - Duplicate entry skipped for user 9018 at 2025-07-03 16:51:18
2025-07-04 11:46:23,108 - INFO - main - Duplicate entry skipped for user 11554 at 2025-07-03 16:55:42
2025-07-04 11:46:23,171 - INFO - main - Duplicate entry skipped for user 13932 at 2025-07-03 18:42:03
2025-07-04 11:46:23,181 - INFO - main - Duplicate entry skipped for user 2048 at 2025-07-03 22:47:05
2025-07-04 11:46:23,192 - INFO - main - Duplicate entry skipped for user 1002 at 2025-07-04 06:25:37
2025-07-04 11:46:23,203 - INFO - main - Duplicate entry skipped for user 1291 at 2025-07-04 06:44:15
2025-07-04 11:46:23,214 - INFO - main - Duplicate entry skipped for user 13118 at 2025-07-04 06:45:02
2025-07-04 11:46:23,225 - INFO - main - Duplicate entry skipped for user 1001 at 2025-07-04 07:16:50
2025-07-04 11:46:23,238 - INFO - main - Duplicate entry skipped for user 840 at 2025-07-04 07:54:37
2025-07-04 11:46:23,249 - INFO - main - Duplicate entry skipped for user 13932 at 2025-07-04 08:17:30
2025-07-04 11:46:23,260 - INFO - main - Duplicate entry skipped for user 1412 at 2025-07-04 08:23:42
2025-07-04 11:46:23,270 - INFO - main - Duplicate entry skipped for user 5080 at 2025-07-04 08:28:57
2025-07-04 11:46:23,282 - INFO - main - Duplicate entry skipped for user 13279 at 2025-07-04 08:29:41
2025-07-04 11:46:23,295 - INFO - main - Duplicate entry skipped for user 10116 at 2025-07-04 08:29:50
2025-07-04 11:46:23,307 - INFO - main - Duplicate entry skipped for user 9018 at 2025-07-04 08:31:52
2025-07-04 11:46:23,320 - INFO - main - Duplicate entry skipped for user 13278 at 2025-07-04 08:31:55
2025-07-04 11:46:23,330 - INFO - main - Duplicate entry skipped for user 10000 at 2025-07-04 08:32:05
2025-07-04 11:46:23,340 - INFO - main - Duplicate entry skipped for user 1599 at 2025-07-04 08:32:12
2025-07-04 11:46:23,351 - INFO - main - Duplicate entry skipped for user 15042 at 2025-07-04 08:32:16
2025-07-04 11:46:23,368 - INFO - main - Duplicate entry skipped for user 1446 at 2025-07-04 08:35:07
2025-07-04 11:46:23,380 - INFO - main - Duplicate entry skipped for user 1170 at 2025-07-04 08:35:13
2025-07-04 11:46:23,390 - INFO - main - Duplicate entry skipped for user 8035 at 2025-07-04 08:35:16
2025-07-04 11:46:23,399 - INFO - main - Duplicate entry skipped for user 11554 at 2025-07-04 08:39:06
2025-07-04 11:46:23,411 - INFO - main - Duplicate entry skipped for user 8102 at 2025-07-04 08:46:59
2025-07-04 11:46:23,421 - INFO - main - Duplicate entry skipped for user 9748 at 2025-07-04 08:48:34
2025-07-04 11:46:23,436 - INFO - main - Duplicate entry skipped for user 10335 at 2025-07-04 08:49:30
2025-07-04 11:46:23,451 - INFO - main - Duplicate entry skipped for user 11471 at 2025-07-04 08:57:18
2025-07-04 11:46:23,467 - INFO - main - Duplicate entry skipped for user 11762 at 2025-07-04 08:57:52
2025-07-04 11:46:23,476 - INFO - main - Duplicate entry skipped for user 1869 at 2025-07-04 08:59:09
2025-07-04 11:46:23,482 - INFO - main - Attendance records stored in database successfully
2025-07-04 11:46:23,482 - INFO - main - Attendance records fetched successfully
2025-07-04 11:46:23,522 - INFO - main - Disconnected from device
2025-07-04 11:51:20,153 - INFO - main - Duplicate entry skipped for user 11768 at 2025-07-03 16:29:29
2025-07-04 11:51:20,163 - INFO - main - Duplicate entry skipped for user 13708 at 2025-07-03 16:29:36
2025-07-04 11:51:20,176 - INFO - main - Duplicate entry skipped for user 8531 at 2025-07-03 16:29:43
2025-07-04 11:51:20,184 - INFO - main - Duplicate entry skipped for user 10049 at 2025-07-03 16:30:19
2025-07-04 11:51:20,197 - INFO - main - Duplicate entry skipped for user 1523 at 2025-07-03 16:30:24
2025-07-04 11:51:20,209 - INFO - main - Duplicate entry skipped for user 1580 at 2025-07-03 16:30:29
2025-07-04 11:51:20,217 - INFO - main - Duplicate entry skipped for user 14194 at 2025-07-03 16:30:33
2025-07-04 11:51:20,229 - INFO - main - Duplicate entry skipped for user 1536 at 2025-07-03 16:30:41
2025-07-04 11:51:20,242 - INFO - main - Duplicate entry skipped for user 14307 at 2025-07-03 16:30:50
2025-07-04 11:51:20,260 - INFO - main - Duplicate entry skipped for user 15037 at 2025-07-03 16:31:01
2025-07-04 11:51:20,271 - INFO - main - Duplicate entry skipped for user 15212 at 2025-07-03 16:31:07
2025-07-04 11:51:20,283 - INFO - main - Duplicate entry skipped for user 13611 at 2025-07-03 16:31:10
2025-07-04 11:51:20,294 - INFO - main - Duplicate entry skipped for user 10091 at 2025-07-03 16:31:31
2025-07-04 11:51:20,309 - INFO - main - Duplicate entry skipped for user 8877 at 2025-07-03 16:31:36
2025-07-04 11:51:20,319 - INFO - main - Duplicate entry skipped for user 10116 at 2025-07-03 16:31:39
2025-07-04 11:51:20,331 - INFO - main - Duplicate entry skipped for user 15325 at 2025-07-03 16:31:42
2025-07-04 11:51:20,340 - INFO - main - Duplicate entry skipped for user 15032 at 2025-07-03 16:31:45
2025-07-04 11:51:20,351 - INFO - main - Duplicate entry skipped for user 13416 at 2025-07-03 16:31:48
2025-07-04 11:51:20,361 - INFO - main - Duplicate entry skipped for user 998 at 2025-07-03 16:32:19
2025-07-04 11:51:20,372 - INFO - main - Duplicate entry skipped for user 14099 at 2025-07-03 16:32:24
2025-07-04 11:51:20,391 - INFO - main - Duplicate entry skipped for user 15043 at 2025-07-03 16:32:28
2025-07-04 11:51:20,403 - INFO - main - Duplicate entry skipped for user 10297 at 2025-07-03 16:32:33
2025-07-04 11:51:20,418 - INFO - main - Duplicate entry skipped for user 10280 at 2025-07-03 16:32:39
2025-07-04 11:51:20,431 - INFO - main - Duplicate entry skipped for user 1296 at 2025-07-03 16:32:46
2025-07-04 11:51:20,442 - INFO - main - Duplicate entry skipped for user 15082 at 2025-07-03 16:32:58
2025-07-04 11:51:20,454 - INFO - main - Duplicate entry skipped for user 3081 at 2025-07-03 16:33:10
2025-07-04 11:51:20,467 - INFO - main - Duplicate entry skipped for user 15041 at 2025-07-03 16:33:50
2025-07-04 11:51:20,479 - INFO - main - Duplicate entry skipped for user 10678 at 2025-07-03 16:33:53
2025-07-04 11:51:20,490 - INFO - main - Duplicate entry skipped for user 330 at 2025-07-03 16:34:02
2025-07-04 11:51:20,499 - INFO - main - Duplicate entry skipped for user 1867 at 2025-07-03 16:34:10
2025-07-04 11:51:20,510 - INFO - main - Duplicate entry skipped for user 1494 at 2025-07-03 16:34:24
2025-07-04 11:51:20,520 - INFO - main - Duplicate entry skipped for user 14932 at 2025-07-03 16:34:43
2025-07-04 11:51:20,533 - INFO - main - Duplicate entry skipped for user 10083 at 2025-07-03 16:34:45
2025-07-04 11:51:20,556 - INFO - main - Duplicate entry skipped for user 3782 at 2025-07-03 16:34:56
2025-07-04 11:51:20,566 - INFO - main - Duplicate entry skipped for user 15042 at 2025-07-03 16:35:20
2025-07-04 11:51:20,576 - INFO - main - Duplicate entry skipped for user 854 at 2025-07-03 16:35:24
2025-07-04 11:51:20,586 - INFO - main - Duplicate entry skipped for user 14588 at 2025-07-03 16:35:30
2025-07-04 11:51:20,596 - INFO - main - Duplicate entry skipped for user 569 at 2025-07-03 16:37:52
2025-07-04 11:51:20,607 - INFO - main - Duplicate entry skipped for user 2240 at 2025-07-03 16:38:10
2025-07-04 11:51:20,621 - INFO - main - Duplicate entry skipped for user 12345 at 2025-07-03 16:39:49
2025-07-04 11:51:20,634 - INFO - main - Duplicate entry skipped for user 11636 at 2025-07-03 16:39:59
2025-07-04 11:51:20,644 - INFO - main - Duplicate entry skipped for user 1907 at 2025-07-03 16:40:48
2025-07-04 11:51:20,654 - INFO - main - Duplicate entry skipped for user 15558 at 2025-07-03 16:41:01
2025-07-04 11:51:20,663 - INFO - main - Duplicate entry skipped for user 15687 at 2025-07-03 16:41:08
2025-07-04 11:51:20,673 - INFO - main - Duplicate entry skipped for user 15643 at 2025-07-03 16:41:13
2025-07-04 11:51:20,686 - INFO - main - Duplicate entry skipped for user 9017 at 2025-07-03 16:43:04
2025-07-04 11:51:20,695 - INFO - main - Duplicate entry skipped for user 15563 at 2025-07-03 16:43:25
2025-07-04 11:51:20,704 - INFO - main - Duplicate entry skipped for user 15630 at 2025-07-03 16:44:36
2025-07-04 11:51:20,717 - INFO - main - Duplicate entry skipped for user 12014 at 2025-07-03 16:46:52
2025-07-04 11:51:20,728 - INFO - main - Duplicate entry skipped for user 48 at 2025-07-03 16:49:32
2025-07-04 11:51:20,739 - INFO - main - Duplicate entry skipped for user 13706 at 2025-07-03 16:52:25
2025-07-04 11:51:20,755 - INFO - main - Duplicate entry skipped for user 11589 at 2025-07-03 17:02:31
2025-07-04 11:51:20,766 - INFO - main - Duplicate entry skipped for user 1452 at 2025-07-03 17:05:44
2025-07-04 11:51:20,779 - INFO - main - Duplicate entry skipped for user 14457 at 2025-07-03 17:08:53
2025-07-04 11:51:20,789 - INFO - main - Duplicate entry skipped for user 11620 at 2025-07-03 17:14:10
2025-07-04 11:51:20,799 - INFO - main - Duplicate entry skipped for user 15698 at 2025-07-03 17:23:47
2025-07-04 11:51:20,809 - INFO - main - Duplicate entry skipped for user 15642 at 2025-07-03 17:31:12
2025-07-04 11:51:20,824 - INFO - main - Duplicate entry skipped for user 9628 at 2025-07-03 17:49:35
2025-07-04 11:51:20,846 - INFO - main - Duplicate entry skipped for user 278 at 2025-07-03 17:52:09
2025-07-04 11:51:20,861 - INFO - main - Duplicate entry skipped for user 14452 at 2025-07-03 17:54:37
2025-07-04 11:51:20,876 - INFO - main - Duplicate entry skipped for user 11582 at 2025-07-03 17:57:10
2025-07-04 11:51:20,892 - INFO - main - Duplicate entry skipped for user 8862 at 2025-07-03 18:33:56
2025-07-04 11:51:20,903 - INFO - main - Duplicate entry skipped for user 10335 at 2025-07-03 18:45:19
2025-07-04 11:51:20,915 - INFO - main - Duplicate entry skipped for user 144 at 2025-07-03 18:58:27
2025-07-04 11:51:20,926 - INFO - main - Duplicate entry skipped for user 1597 at 2025-07-04 05:44:48
2025-07-04 11:51:20,936 - INFO - main - Duplicate entry skipped for user 14187 at 2025-07-04 05:55:57
2025-07-04 11:51:20,961 - INFO - main - Duplicate entry skipped for user 1002 at 2025-07-04 06:30:27
2025-07-04 11:51:20,976 - INFO - main - Duplicate entry skipped for user 1580 at 2025-07-04 06:55:46
2025-07-04 11:51:20,989 - INFO - main - Duplicate entry skipped for user 1296 at 2025-07-04 07:47:34
2025-07-04 11:51:20,999 - INFO - main - Duplicate entry skipped for user 1867 at 2025-07-04 08:15:38
2025-07-04 11:51:21,009 - INFO - main - Duplicate entry skipped for user 10949 at 2025-07-04 08:16:03
2025-07-04 11:51:21,026 - INFO - main - Duplicate entry skipped for user 14099 at 2025-07-04 08:21:40
2025-07-04 11:51:21,036 - INFO - main - Duplicate entry skipped for user 11589 at 2025-07-04 08:23:01
2025-07-04 11:51:21,050 - INFO - main - Duplicate entry skipped for user 15642 at 2025-07-04 08:23:23
2025-07-04 11:51:21,078 - INFO - main - Duplicate entry skipped for user 13708 at 2025-07-04 08:23:41
2025-07-04 11:51:21,089 - INFO - main - Duplicate entry skipped for user 15212 at 2025-07-04 08:23:45
2025-07-04 11:51:21,102 - INFO - main - Duplicate entry skipped for user 10280 at 2025-07-04 08:23:48
2025-07-04 11:51:21,114 - INFO - main - Duplicate entry skipped for user 3081 at 2025-07-04 08:23:55
2025-07-04 11:51:21,125 - INFO - main - Duplicate entry skipped for user 15131 at 2025-07-04 08:24:06
2025-07-04 11:51:21,140 - INFO - main - Duplicate entry skipped for user 1982 at 2025-07-04 08:24:22
2025-07-04 11:51:21,154 - INFO - main - Duplicate entry skipped for user 13611 at 2025-07-04 08:28:47
2025-07-04 11:51:21,162 - INFO - main - Duplicate entry skipped for user 11768 at 2025-07-04 08:29:36
2025-07-04 11:51:21,172 - INFO - main - Duplicate entry skipped for user 8877 at 2025-07-04 08:29:54
2025-07-04 11:51:21,189 - INFO - main - Duplicate entry skipped for user 14307 at 2025-07-04 08:30:01
2025-07-04 11:51:21,198 - INFO - main - Duplicate entry skipped for user 998 at 2025-07-04 08:32:02
2025-07-04 11:51:21,228 - INFO - main - Duplicate entry skipped for user 1000 at 2025-07-04 08:32:08
2025-07-04 11:51:21,238 - INFO - main - Duplicate entry skipped for user 15082 at 2025-07-04 08:32:20
2025-07-04 11:51:21,250 - INFO - main - Duplicate entry skipped for user 1523 at 2025-07-04 08:32:23
2025-07-04 11:51:21,261 - INFO - main - Duplicate entry skipped for user 15325 at 2025-07-04 08:32:28
2025-07-04 11:51:21,280 - INFO - main - Duplicate entry skipped for user 15032 at 2025-07-04 08:32:30
2025-07-04 11:51:21,298 - INFO - main - Duplicate entry skipped for user 15043 at 2025-07-04 08:32:33
2025-07-04 11:51:21,312 - INFO - main - Duplicate entry skipped for user 15638 at 2025-07-04 08:33:21
2025-07-04 11:51:21,323 - INFO - main - Duplicate entry skipped for user 11636 at 2025-07-04 08:33:39
2025-07-04 11:51:21,332 - INFO - main - Duplicate entry skipped for user 3311 at 2025-07-04 08:33:58
2025-07-04 11:51:21,343 - INFO - main - Duplicate entry skipped for user 13416 at 2025-07-04 08:34:38
2025-07-04 11:51:21,353 - INFO - main - Duplicate entry skipped for user 14932 at 2025-07-04 08:35:17
2025-07-04 11:51:21,364 - INFO - main - Duplicate entry skipped for user 15558 at 2025-07-04 08:36:38
2025-07-04 11:51:21,387 - INFO - main - Duplicate entry skipped for user 14195 at 2025-07-04 08:36:51
2025-07-04 11:51:21,398 - INFO - main - Duplicate entry skipped for user 9017 at 2025-07-04 08:37:18
2025-07-04 11:51:21,410 - INFO - main - Duplicate entry skipped for user 14329 at 2025-07-04 08:38:30
2025-07-04 11:51:21,424 - INFO - main - Duplicate entry skipped for user 10678 at 2025-07-04 08:40:57
2025-07-04 11:51:21,441 - INFO - main - Duplicate entry skipped for user 12014 at 2025-07-04 08:41:00
2025-07-04 11:51:21,456 - INFO - main - Duplicate entry skipped for user 12345 at 2025-07-04 08:41:17
2025-07-04 11:51:21,465 - INFO - main - Duplicate entry skipped for user 15687 at 2025-07-04 08:41:22
2025-07-04 11:51:21,475 - INFO - main - Duplicate entry skipped for user 15643 at 2025-07-04 08:41:27
2025-07-04 11:51:21,489 - INFO - main - Duplicate entry skipped for user 569 at 2025-07-04 08:41:45
2025-07-04 11:51:21,502 - INFO - main - Duplicate entry skipped for user 3782 at 2025-07-04 08:42:14
2025-07-04 11:51:21,512 - INFO - main - Duplicate entry skipped for user 48 at 2025-07-04 08:42:21
2025-07-04 11:51:21,524 - INFO - main - Duplicate entry skipped for user 857 at 2025-07-04 08:43:29
2025-07-04 11:51:21,535 - INFO - main - Duplicate entry skipped for user 15037 at 2025-07-04 08:43:32
2025-07-04 11:51:21,546 - INFO - main - Duplicate entry skipped for user 2240 at 2025-07-04 08:45:53
2025-07-04 11:51:21,558 - INFO - main - Duplicate entry skipped for user 10091 at 2025-07-04 08:49:50
2025-07-04 11:51:21,570 - INFO - main - Duplicate entry skipped for user 10297 at 2025-07-04 08:51:47
2025-07-04 11:51:21,595 - INFO - main - Duplicate entry skipped for user 15041 at 2025-07-04 08:53:07
2025-07-04 11:51:21,613 - INFO - main - Duplicate entry skipped for user 1536 at 2025-07-04 08:53:23
2025-07-04 11:51:21,626 - INFO - main - Duplicate entry skipped for user 8531 at 2025-07-04 08:53:36
2025-07-04 11:51:21,639 - INFO - main - Duplicate entry skipped for user 13706 at 2025-07-04 08:53:43
2025-07-04 11:51:21,651 - INFO - main - Duplicate entry skipped for user 11582 at 2025-07-04 08:53:55
2025-07-04 11:51:21,665 - INFO - main - Duplicate entry skipped for user 1907 at 2025-07-04 08:54:12
2025-07-04 11:51:21,677 - INFO - main - Duplicate entry skipped for user 15630 at 2025-07-04 08:55:05
2025-07-04 11:51:21,689 - INFO - main - Duplicate entry skipped for user 10049 at 2025-07-04 08:55:22
2025-07-04 11:51:21,700 - INFO - main - Duplicate entry skipped for user 8862 at 2025-07-04 08:55:41
2025-07-04 11:51:21,713 - INFO - main - Duplicate entry skipped for user 14588 at 2025-07-04 08:56:17
2025-07-04 11:51:21,723 - INFO - main - Duplicate entry skipped for user 11620 at 2025-07-04 08:56:40
2025-07-04 11:51:21,734 - INFO - main - Duplicate entry skipped for user 854 at 2025-07-04 08:56:46
2025-07-04 11:51:21,743 - INFO - main - Duplicate entry skipped for user 2048 at 2025-07-04 08:57:26
2025-07-04 11:51:21,754 - INFO - main - Duplicate entry skipped for user 8279 at 2025-07-04 08:58:19
2025-07-04 11:51:21,766 - INFO - main - Duplicate entry skipped for user 1603 at 2025-07-04 08:59:29
2025-07-04 11:51:21,784 - INFO - main - Duplicate entry skipped for user 1452 at 2025-07-04 08:59:41
2025-07-04 11:51:21,796 - INFO - main - Duplicate entry skipped for user 11495 at 2025-07-04 08:59:48
2025-07-04 11:51:21,810 - INFO - main - Duplicate entry skipped for user 14330 at 2025-07-04 09:00:19
2025-07-04 11:51:21,820 - INFO - main - Duplicate entry skipped for user 15698 at 2025-07-04 09:01:51
2025-07-04 11:51:21,830 - INFO - main - Duplicate entry skipped for user 14457 at 2025-07-04 09:02:06
2025-07-04 11:51:21,841 - INFO - main - Duplicate entry skipped for user 13529 at 2025-07-04 09:04:41
2025-07-04 11:51:21,852 - INFO - main - Duplicate entry skipped for user 1292 at 2025-07-04 09:07:44
2025-07-04 11:51:21,863 - INFO - main - Duplicate entry skipped for user 8868 at 2025-07-04 09:07:54
2025-07-04 11:51:21,874 - INFO - main - Duplicate entry skipped for user 9628 at 2025-07-04 09:17:13
2025-07-04 11:51:21,885 - INFO - main - Duplicate entry skipped for user 10407 at 2025-07-04 09:17:30
2025-07-04 11:51:21,895 - INFO - main - Duplicate entry skipped for user 15563 at 2025-07-04 09:29:46
2025-07-04 11:51:21,924 - INFO - main - Duplicate entry skipped for user 10083 at 2025-07-04 10:08:25
2025-07-04 11:51:21,937 - INFO - main - Duplicate entry skipped for user 1000 at 2025-07-04 11:19:29
2025-07-04 11:51:21,943 - INFO - main - Attendance records stored in database successfully
2025-07-04 11:51:21,943 - INFO - main - Attendance records fetched successfully
2025-07-04 11:51:21,981 - INFO - main - Disconnected from device
2025-07-04 11:51:22,193 - INFO - main - Attendance records stored in database successfully
2025-07-04 11:51:22,193 - INFO - main - Attendance records fetched successfully
2025-07-04 11:51:22,264 - INFO - main - Disconnected from device
2025-07-04 11:56:19,585 - INFO - main - Attendance records stored in database successfully
2025-07-04 11:56:19,586 - INFO - main - Attendance records fetched successfully
2025-07-04 11:56:19,622 - INFO - main - Disconnected from device
2025-07-04 11:56:19,783 - INFO - main - Attendance records stored in database successfully
2025-07-04 11:56:19,783 - INFO - main - Attendance records fetched successfully
2025-07-04 11:56:19,822 - INFO - main - Disconnected from device
2025-07-16 13:59:37,517 - INFO - main - Duplicate entry skipped for user 11589 at 2025-07-15 16:42:34
2025-07-16 13:59:37,547 - INFO - main - Duplicate entry skipped for user 569 at 2025-07-15 16:43:45
2025-07-16 13:59:37,603 - INFO - main - Duplicate entry skipped for user 15630 at 2025-07-15 16:44:24
2025-07-16 13:59:37,632 - INFO - main - Duplicate entry skipped for user 14330 at 2025-07-15 16:51:41
2025-07-16 13:59:37,666 - INFO - main - Duplicate entry skipped for user 15591 at 2025-07-15 16:51:45
2025-07-16 13:59:37,691 - INFO - main - Duplicate entry skipped for user 10083 at 2025-07-15 16:54:53
2025-07-16 13:59:37,718 - INFO - main - Duplicate entry skipped for user 278 at 2025-07-15 16:58:21
2025-07-16 13:59:37,741 - INFO - main - Duplicate entry skipped for user 48 at 2025-07-15 17:08:23
2025-07-16 13:59:37,775 - INFO - main - Duplicate entry skipped for user 6671 at 2025-07-15 17:08:29
2025-07-16 13:59:37,792 - INFO - main - Duplicate entry skipped for user 11620 at 2025-07-15 17:08:34
2025-07-16 13:59:37,821 - INFO - main - Duplicate entry skipped for user 9017 at 2025-07-15 17:16:23
2025-07-16 13:59:37,852 - INFO - main - Duplicate entry skipped for user 14457 at 2025-07-15 17:20:16
2025-07-16 13:59:37,875 - INFO - main - Duplicate entry skipped for user 15698 at 2025-07-15 17:21:17
2025-07-16 13:59:37,903 - INFO - main - Duplicate entry skipped for user 15642 at 2025-07-15 17:21:22
2025-07-16 13:59:37,932 - INFO - main - Duplicate entry skipped for user 15687 at 2025-07-15 17:22:31
2025-07-16 13:59:37,961 - INFO - main - Duplicate entry skipped for user 15643 at 2025-07-15 17:22:37
2025-07-16 13:59:38,001 - INFO - main - Duplicate entry skipped for user 14452 at 2025-07-15 17:25:56
2025-07-16 13:59:38,031 - INFO - main - Duplicate entry skipped for user 15558 at 2025-07-15 17:37:46
2025-07-16 13:59:38,061 - INFO - main - Duplicate entry skipped for user 1907 at 2025-07-15 18:01:50
2025-07-16 13:59:38,081 - INFO - main - Duplicate entry skipped for user 11554 at 2025-07-15 18:07:50
2025-07-16 13:59:38,101 - INFO - main - Duplicate entry skipped for user 11495 at 2025-07-15 18:10:31
2025-07-16 13:59:38,132 - INFO - main - Duplicate entry skipped for user 857 at 2025-07-15 18:43:14
2025-07-16 13:59:38,162 - INFO - main - Duplicate entry skipped for user 13932 at 2025-07-16 05:50:39
2025-07-16 13:59:38,191 - INFO - main - Duplicate entry skipped for user 14187 at 2025-07-16 06:15:32
2025-07-16 13:59:38,206 - INFO - main - Duplicate entry skipped for user 1494 at 2025-07-16 06:53:40
2025-07-16 13:59:38,231 - INFO - main - Duplicate entry skipped for user 1296 at 2025-07-16 07:19:18
2025-07-16 13:59:38,251 - INFO - main - Duplicate entry skipped for user 1982 at 2025-07-16 08:10:53
2025-07-16 13:59:38,290 - INFO - main - Duplicate entry skipped for user 2242 at 2025-07-16 08:19:48
2025-07-16 13:59:38,314 - INFO - main - Duplicate entry skipped for user 13708 at 2025-07-16 08:19:52
2025-07-16 13:59:38,348 - INFO - main - Duplicate entry skipped for user 15212 at 2025-07-16 08:19:58
2025-07-16 13:59:38,387 - INFO - main - Duplicate entry skipped for user 10280 at 2025-07-16 08:20:02
2025-07-16 13:59:38,411 - INFO - main - Duplicate entry skipped for user 15131 at 2025-07-16 08:20:17
2025-07-16 13:59:38,431 - INFO - main - Duplicate entry skipped for user 14099 at 2025-07-16 08:21:25
2025-07-16 13:59:38,451 - INFO - main - Duplicate entry skipped for user 10949 at 2025-07-16 08:25:43
2025-07-16 13:59:38,471 - INFO - main - Duplicate entry skipped for user 13611 at 2025-07-16 08:25:50
2025-07-16 13:59:38,501 - INFO - main - Duplicate entry skipped for user 907 at 2025-07-16 08:27:25
2025-07-16 13:59:38,531 - INFO - main - Duplicate entry skipped for user 10116 at 2025-07-16 08:27:34
2025-07-16 13:59:38,561 - INFO - main - Duplicate entry skipped for user 857 at 2025-07-16 08:27:43
2025-07-16 13:59:38,582 - INFO - main - Duplicate entry skipped for user 8877 at 2025-07-16 08:27:47
2025-07-16 13:59:38,612 - INFO - main - Duplicate entry skipped for user 14307 at 2025-07-16 08:27:50
2025-07-16 13:59:38,641 - INFO - main - Duplicate entry skipped for user 536 at 2025-07-16 08:28:10
2025-07-16 13:59:38,671 - INFO - main - Duplicate entry skipped for user 15642 at 2025-07-16 08:28:23
2025-07-16 13:59:38,705 - INFO - main - Duplicate entry skipped for user 998 at 2025-07-16 08:29:39
2025-07-16 13:59:38,731 - INFO - main - Duplicate entry skipped for user 9017 at 2025-07-16 08:29:44
2025-07-16 13:59:38,744 - INFO - main - Duplicate entry skipped for user 14329 at 2025-07-16 08:29:48
2025-07-16 13:59:38,773 - INFO - main - Duplicate entry skipped for user 15082 at 2025-07-16 08:29:52
2025-07-16 13:59:38,802 - INFO - main - Duplicate entry skipped for user 1000 at 2025-07-16 08:29:56
2025-07-16 13:59:38,821 - INFO - main - Duplicate entry skipped for user 15043 at 2025-07-16 08:30:00
2025-07-16 13:59:38,852 - INFO - main - Duplicate entry skipped for user 1523 at 2025-07-16 08:30:04
2025-07-16 13:59:38,872 - INFO - main - Duplicate entry skipped for user 15032 at 2025-07-16 08:30:09
2025-07-16 13:59:38,892 - INFO - main - Duplicate entry skipped for user 15325 at 2025-07-16 08:30:12
2025-07-16 13:59:38,912 - INFO - main - Duplicate entry skipped for user 14194 at 2025-07-16 08:30:15
2025-07-16 13:59:38,931 - INFO - main - Duplicate entry skipped for user 14932 at 2025-07-16 08:30:30
2025-07-16 13:59:38,963 - INFO - main - Duplicate entry skipped for user 569 at 2025-07-16 08:30:43
2025-07-16 13:59:38,983 - INFO - main - Duplicate entry skipped for user 15558 at 2025-07-16 08:30:49
2025-07-16 13:59:39,008 - INFO - main - Duplicate entry skipped for user 854 at 2025-07-16 08:30:55
2025-07-16 13:59:39,031 - INFO - main - Duplicate entry skipped for user 10083 at 2025-07-16 08:30:59
2025-07-16 13:59:39,051 - INFO - main - Duplicate entry skipped for user 1536 at 2025-07-16 08:31:19
2025-07-16 13:59:39,081 - INFO - main - Duplicate entry skipped for user 10678 at 2025-07-16 08:33:35
2025-07-16 13:59:39,102 - INFO - main - Duplicate entry skipped for user 11618 at 2025-07-16 08:36:40
2025-07-16 13:59:39,121 - INFO - main - Duplicate entry skipped for user 11620 at 2025-07-16 08:38:01
2025-07-16 13:59:39,141 - INFO - main - Duplicate entry skipped for user 1292 at 2025-07-16 08:38:13
2025-07-16 13:59:39,171 - INFO - main - Duplicate entry skipped for user 3782 at 2025-07-16 08:38:25
2025-07-16 13:59:39,203 - INFO - main - Duplicate entry skipped for user 1907 at 2025-07-16 08:39:23
2025-07-16 13:59:39,231 - INFO - main - Duplicate entry skipped for user 15041 at 2025-07-16 08:39:28
2025-07-16 13:59:39,269 - INFO - main - Duplicate entry skipped for user 11768 at 2025-07-16 08:42:01
2025-07-16 13:59:39,291 - INFO - main - Duplicate entry skipped for user 1867 at 2025-07-16 08:42:24
2025-07-16 13:59:39,321 - INFO - main - Duplicate entry skipped for user 11495 at 2025-07-16 08:43:07
2025-07-16 13:59:39,341 - INFO - main - Duplicate entry skipped for user 15591 at 2025-07-16 08:45:11
2025-07-16 13:59:39,361 - INFO - main - Duplicate entry skipped for user 12014 at 2025-07-16 08:48:20
2025-07-16 13:59:39,381 - INFO - main - Duplicate entry skipped for user 14457 at 2025-07-16 08:50:36
2025-07-16 13:59:39,437 - INFO - main - Duplicate entry skipped for user 11582 at 2025-07-16 08:50:54
2025-07-16 13:59:39,474 - INFO - main - Duplicate entry skipped for user 10297 at 2025-07-16 08:51:41
2025-07-16 13:59:39,501 - INFO - main - Duplicate entry skipped for user 48 at 2025-07-16 08:52:41
2025-07-16 13:59:39,561 - INFO - main - Duplicate entry skipped for user 15643 at 2025-07-16 08:52:59
2025-07-16 13:59:39,592 - INFO - main - Duplicate entry skipped for user 15687 at 2025-07-16 08:53:05
2025-07-16 13:59:39,613 - INFO - main - Duplicate entry skipped for user 15037 at 2025-07-16 08:53:08
2025-07-16 13:59:39,641 - INFO - main - Duplicate entry skipped for user 3311 at 2025-07-16 08:53:12
2025-07-16 13:59:39,673 - INFO - main - Duplicate entry skipped for user 13706 at 2025-07-16 08:57:40
2025-07-16 13:59:39,701 - INFO - main - Duplicate entry skipped for user 14330 at 2025-07-16 08:58:18
2025-07-16 13:59:39,742 - INFO - main - Duplicate entry skipped for user 2048 at 2025-07-16 08:58:21
2025-07-16 13:59:39,763 - INFO - main - Duplicate entry skipped for user 10049 at 2025-07-16 08:59:05
2025-07-16 13:59:39,782 - INFO - main - Duplicate entry skipped for user 8531 at 2025-07-16 08:59:12
2025-07-16 13:59:39,818 - INFO - main - Duplicate entry skipped for user 6671 at 2025-07-16 08:59:32
2025-07-16 13:59:39,841 - INFO - main - Duplicate entry skipped for user 47 at 2025-07-16 08:59:43
2025-07-16 13:59:39,871 - INFO - main - Duplicate entry skipped for user 15563 at 2025-07-16 09:00:36
2025-07-16 13:59:39,902 - INFO - main - Duplicate entry skipped for user 14195 at 2025-07-16 09:02:37
2025-07-16 13:59:39,932 - INFO - main - Duplicate entry skipped for user 15698 at 2025-07-16 09:04:03
2025-07-16 13:59:39,962 - INFO - main - Duplicate entry skipped for user 1452 at 2025-07-16 09:11:53
2025-07-16 13:59:39,998 - INFO - main - Duplicate entry skipped for user 15630 at 2025-07-16 09:12:20
2025-07-16 13:59:40,022 - INFO - main - Duplicate entry skipped for user 14452 at 2025-07-16 09:13:09
2025-07-16 13:59:40,051 - INFO - main - Duplicate entry skipped for user 1603 at 2025-07-16 10:00:20
2025-07-16 13:59:40,073 - INFO - main - Duplicate entry skipped for user 8868 at 2025-07-16 10:23:17
2025-07-16 13:59:40,101 - INFO - main - Duplicate entry skipped for user 2240 at 2025-07-16 13:54:57
2025-07-16 13:59:40,105 - INFO - main - Attendance records stored in database successfully
2025-07-16 13:59:40,106 - INFO - main - Attendance records fetched successfully
2025-07-16 13:59:40,153 - INFO - main - Disconnected from device
2025-07-16 13:59:41,071 - INFO - main - Duplicate entry skipped for user 9018 at 2025-07-15 16:43:16
2025-07-16 13:59:41,091 - INFO - main - Duplicate entry skipped for user 11471 at 2025-07-15 16:46:12
2025-07-16 13:59:41,121 - INFO - main - Duplicate entry skipped for user 14195 at 2025-07-15 16:56:04
2025-07-16 13:59:41,151 - INFO - main - Duplicate entry skipped for user 1170 at 2025-07-15 17:11:11
2025-07-16 13:59:41,171 - INFO - main - Duplicate entry skipped for user 8102 at 2025-07-15 17:29:58
2025-07-16 13:59:41,191 - INFO - main - Duplicate entry skipped for user 14457 at 2025-07-15 17:30:14
2025-07-16 13:59:41,211 - INFO - main - Duplicate entry skipped for user 10335 at 2025-07-15 18:20:05
2025-07-16 13:59:41,242 - INFO - main - Duplicate entry skipped for user 13932 at 2025-07-15 21:02:02
2025-07-16 13:59:41,282 - INFO - main - Duplicate entry skipped for user 1597 at 2025-07-16 05:56:54
2025-07-16 13:59:41,311 - INFO - main - Duplicate entry skipped for user 1291 at 2025-07-16 06:08:09
2025-07-16 13:59:41,343 - INFO - main - Duplicate entry skipped for user 1002 at 2025-07-16 06:57:23
2025-07-16 13:59:41,362 - INFO - main - Duplicate entry skipped for user 1580 at 2025-07-16 07:02:46
2025-07-16 13:59:41,391 - INFO - main - Duplicate entry skipped for user 13118 at 2025-07-16 07:37:01
2025-07-16 13:59:41,412 - INFO - main - Duplicate entry skipped for user 1001 at 2025-07-16 07:48:32
2025-07-16 13:59:41,432 - INFO - main - Duplicate entry skipped for user 11762 at 2025-07-16 07:51:36
2025-07-16 13:59:41,462 - INFO - main - Duplicate entry skipped for user 840 at 2025-07-16 08:07:58
2025-07-16 13:59:41,492 - INFO - main - Duplicate entry skipped for user 9018 at 2025-07-16 08:16:06
2025-07-16 13:59:41,521 - INFO - main - Duplicate entry skipped for user 3081 at 2025-07-16 08:20:00
2025-07-16 13:59:41,541 - INFO - main - Duplicate entry skipped for user 9748 at 2025-07-16 08:23:12
2025-07-16 13:59:41,571 - INFO - main - Duplicate entry skipped for user 10335 at 2025-07-16 08:26:13
2025-07-16 13:59:41,603 - INFO - main - Duplicate entry skipped for user 13279 at 2025-07-16 08:27:35
2025-07-16 13:59:41,623 - INFO - main - Duplicate entry skipped for user 10000 at 2025-07-16 08:29:40
2025-07-16 13:59:41,643 - INFO - main - Duplicate entry skipped for user 1576 at 2025-07-16 08:29:47
2025-07-16 13:59:41,677 - INFO - main - Duplicate entry skipped for user 13416 at 2025-07-16 08:29:55
2025-07-16 13:59:41,703 - INFO - main - Duplicate entry skipped for user 1446 at 2025-07-16 08:30:28
2025-07-16 13:59:41,726 - INFO - main - Duplicate entry skipped for user 5080 at 2025-07-16 08:30:37
2025-07-16 13:59:41,763 - INFO - main - Duplicate entry skipped for user 8035 at 2025-07-16 08:30:43
2025-07-16 13:59:41,792 - INFO - main - Duplicate entry skipped for user 11554 at 2025-07-16 08:34:03
2025-07-16 13:59:41,813 - INFO - main - Duplicate entry skipped for user 11636 at 2025-07-16 08:39:26
2025-07-16 13:59:41,842 - INFO - main - Duplicate entry skipped for user 9628 at 2025-07-16 08:49:45
2025-07-16 13:59:41,872 - INFO - main - Duplicate entry skipped for user 8102 at 2025-07-16 08:51:12
2025-07-16 13:59:41,902 - INFO - main - Duplicate entry skipped for user 12345 at 2025-07-16 08:52:36
2025-07-16 13:59:41,933 - INFO - main - Duplicate entry skipped for user 11471 at 2025-07-16 08:55:16
2025-07-16 13:59:41,983 - INFO - main - Duplicate entry skipped for user 1599 at 2025-07-16 09:00:58
2025-07-16 13:59:42,002 - INFO - main - Duplicate entry skipped for user 1869 at 2025-07-16 09:10:23
2025-07-16 13:59:42,127 - INFO - main - Attendance records stored in database successfully
2025-07-16 13:59:42,127 - INFO - main - Attendance records fetched successfully
2025-07-16 13:59:42,212 - INFO - main - Disconnected from device
2025-07-16 14:00:05,831 - INFO - main - Cleared all attendance records from device.
2025-07-16 14:00:06,005 - INFO - main - Disconnected from devices
2025-07-16 14:00:10,202 - INFO - main - Attendance records stored in database successfully
2025-07-16 14:00:10,203 - INFO - main - Attendance records fetched successfully
2025-07-16 14:00:10,241 - INFO - main - Disconnected from device
2025-07-16 14:00:10,475 - INFO - main - Attendance records stored in database successfully
2025-07-16 14:00:10,475 - INFO - main - Attendance records fetched successfully
2025-07-16 14:00:10,541 - INFO - main - Disconnected from device
2026-04-02 15:33:44,772 - INFO - main - Duplicate entry skipped for user 68074 at 2026-03-31 04:09:10
2026-04-02 15:33:44,953 - INFO - main - Duplicate entry skipped for user 1597 at 2026-03-31 05:45:56
2026-04-02 15:33:44,993 - INFO - main - Duplicate entry skipped for user 10868 at 2026-03-31 05:48:06
2026-04-02 15:33:45,047 - INFO - main - Duplicate entry skipped for user 15642 at 2026-03-31 07:24:44
2026-04-02 15:33:45,138 - INFO - main - Duplicate entry skipped for user 320 at 2026-03-31 07:28:48
2026-04-02 15:33:45,212 - INFO - main - Duplicate entry skipped for user 13680 at 2026-03-31 07:28:56
2026-04-02 15:33:45,264 - INFO - main - Duplicate entry skipped for user 15583 at 2026-03-31 07:29:02
2026-04-02 15:33:45,437 - INFO - main - Duplicate entry skipped for user 13015 at 2026-03-31 07:29:05
2026-04-02 15:33:45,479 - INFO - main - Duplicate entry skipped for user 44406 at 2026-03-31 07:29:07
2026-04-02 15:33:45,607 - INFO - main - Duplicate entry skipped for user 15553 at 2026-03-31 07:29:10
2026-04-02 15:33:45,646 - INFO - main - Duplicate entry skipped for user 2221 at 2026-03-31 07:29:13
2026-04-02 15:33:45,778 - INFO - main - Duplicate entry skipped for user 4541 at 2026-03-31 07:29:32
2026-04-02 15:33:45,858 - INFO - main - Duplicate entry skipped for user 14319 at 2026-03-31 07:32:24
2026-04-02 15:33:45,954 - INFO - main - Duplicate entry skipped for user 4547 at 2026-03-31 07:33:29
2026-04-02 15:33:46,040 - INFO - main - Duplicate entry skipped for user 11496 at 2026-03-31 07:33:33
2026-04-02 15:33:46,119 - INFO - main - Duplicate entry skipped for user 13673 at 2026-03-31 07:34:51
2026-04-02 15:33:46,219 - INFO - main - Duplicate entry skipped for user 478 at 2026-03-31 07:34:57
2026-04-02 15:33:46,294 - INFO - main - Duplicate entry skipped for user 34784 at 2026-03-31 07:35:22
2026-04-02 15:33:46,363 - INFO - main - Duplicate entry skipped for user 15548 at 2026-03-31 07:35:32
2026-04-02 15:33:46,422 - INFO - main - Duplicate entry skipped for user 8895 at 2026-03-31 07:35:42
2026-04-02 15:33:46,508 - INFO - main - Duplicate entry skipped for user 13658 at 2026-03-31 07:37:35
2026-04-02 15:33:46,619 - INFO - main - Duplicate entry skipped for user 24275 at 2026-03-31 07:38:02
2026-04-02 15:33:46,663 - INFO - main - Duplicate entry skipped for user 15552 at 2026-03-31 07:39:10
2026-04-02 15:33:46,795 - INFO - main - Duplicate entry skipped for user 15579 at 2026-03-31 07:39:34
2026-04-02 15:33:46,996 - INFO - main - Duplicate entry skipped for user 998 at 2026-03-31 07:47:41
2026-04-02 15:33:47,071 - INFO - main - Duplicate entry skipped for user 14099 at 2026-03-31 07:48:31
2026-04-02 15:33:47,186 - INFO - main - Duplicate entry skipped for user 10949 at 2026-03-31 07:49:13
2026-04-02 15:33:47,298 - INFO - main - Duplicate entry skipped for user 1000 at 2026-03-31 07:52:03
2026-04-02 15:33:47,372 - INFO - main - Duplicate entry skipped for user 1981 at 2026-03-31 07:52:25
2026-04-02 15:33:47,456 - INFO - main - Duplicate entry skipped for user 76413 at 2026-03-31 07:54:09
2026-04-02 15:33:47,589 - INFO - main - Duplicate entry skipped for user 1982 at 2026-03-31 07:56:14
2026-04-02 15:33:47,654 - INFO - main - Duplicate entry skipped for user 35306 at 2026-03-31 07:57:37
2026-04-02 15:33:47,709 - INFO - main - Duplicate entry skipped for user 15212 at 2026-03-31 07:58:00
2026-04-02 15:33:47,747 - INFO - main - Duplicate entry skipped for user 229 at 2026-03-31 08:00:28
2026-04-02 15:33:47,849 - INFO - main - Duplicate entry skipped for user 10091 at 2026-03-31 08:00:34
2026-04-02 15:33:48,030 - INFO - main - Duplicate entry skipped for user 11768 at 2026-03-31 08:00:37
2026-04-02 15:33:48,080 - INFO - main - Duplicate entry skipped for user 10116 at 2026-03-31 08:01:59
2026-04-02 15:33:48,137 - INFO - main - Duplicate entry skipped for user 1413 at 2026-03-31 08:03:36
2026-04-02 15:33:48,312 - INFO - main - Duplicate entry skipped for user 83140 at 2026-03-31 08:06:41
2026-04-02 15:33:48,357 - INFO - main - Duplicate entry skipped for user 14932 at 2026-03-31 08:06:53
2026-04-02 15:33:48,469 - INFO - main - Duplicate entry skipped for user 10083 at 2026-03-31 08:07:00
2026-04-02 15:33:48,513 - INFO - main - Duplicate entry skipped for user 26879 at 2026-03-31 08:07:51
2026-04-02 15:33:48,621 - INFO - main - Duplicate entry skipped for user 13708 at 2026-03-31 08:10:42
2026-04-02 15:33:48,698 - INFO - main - Duplicate entry skipped for user 48 at 2026-03-31 08:10:52
2026-04-02 15:33:48,823 - INFO - main - Duplicate entry skipped for user 3152 at 2026-03-31 08:12:11
2026-04-02 15:33:48,898 - INFO - main - Duplicate entry skipped for user 857 at 2026-03-31 08:14:13
2026-04-02 15:33:49,008 - INFO - main - Duplicate entry skipped for user 1523 at 2026-03-31 08:15:27
2026-04-02 15:33:49,046 - INFO - main - Duplicate entry skipped for user 96486 at 2026-03-31 08:16:17
2026-04-02 15:33:49,122 - INFO - main - Duplicate entry skipped for user 12345 at 2026-03-31 08:16:43
2026-04-02 15:33:49,197 - INFO - main - Duplicate entry skipped for user 2048 at 2026-03-31 08:16:46
2026-04-02 15:33:49,279 - INFO - main - Duplicate entry skipped for user 15638 at 2026-03-31 08:18:25
2026-04-02 15:33:49,341 - INFO - main - Duplicate entry skipped for user 15643 at 2026-03-31 08:18:59
2026-04-02 15:33:49,418 - INFO - main - Duplicate entry skipped for user 9748 at 2026-03-31 08:19:56
2026-04-02 15:33:49,575 - INFO - main - Duplicate entry skipped for user 330 at 2026-03-31 08:20:44
2026-04-02 15:33:49,709 - INFO - main - Duplicate entry skipped for user 10335 at 2026-03-31 08:21:52
2026-04-02 15:33:49,767 - INFO - main - Duplicate entry skipped for user 14329 at 2026-03-31 08:22:16
2026-04-02 15:33:49,816 - INFO - main - Duplicate entry skipped for user 10297 at 2026-03-31 08:22:23
2026-04-02 15:33:49,911 - INFO - main - Duplicate entry skipped for user 47 at 2026-03-31 08:22:29
2026-04-02 15:33:49,952 - INFO - main - Duplicate entry skipped for user 15078 at 2026-03-31 08:24:00
2026-04-02 15:33:50,050 - INFO - main - Duplicate entry skipped for user 9017 at 2026-03-31 08:25:23
2026-04-02 15:33:50,150 - INFO - main - Duplicate entry skipped for user 3311 at 2026-03-31 08:26:46
2026-04-02 15:33:50,232 - INFO - main - Duplicate entry skipped for user 144 at 2026-03-31 08:27:50
2026-04-02 15:33:50,346 - INFO - main - Duplicate entry skipped for user 536 at 2026-03-31 08:28:37
2026-04-02 15:33:50,421 - INFO - main - Duplicate entry skipped for user 1907 at 2026-03-31 08:28:41
2026-04-02 15:33:50,529 - INFO - main - Duplicate entry skipped for user 546 at 2026-03-31 08:29:21
2026-04-02 15:33:50,613 - INFO - main - Duplicate entry skipped for user 2068 at 2026-03-31 08:30:59
2026-04-02 15:33:50,683 - INFO - main - Duplicate entry skipped for user 11495 at 2026-03-31 08:31:34
2026-04-02 15:33:50,762 - INFO - main - Duplicate entry skipped for user 13712 at 2026-03-31 08:32:05
2026-04-02 15:33:50,859 - INFO - main - Duplicate entry skipped for user 13706 at 2026-03-31 08:34:20
2026-04-02 15:33:50,963 - INFO - main - Duplicate entry skipped for user 15698 at 2026-03-31 08:36:32
2026-04-02 15:33:51,104 - INFO - main - Duplicate entry skipped for user 41 at 2026-03-31 08:37:18
2026-04-02 15:33:51,163 - INFO - main - Duplicate entry skipped for user 6671 at 2026-03-31 08:42:52
2026-04-02 15:33:51,235 - INFO - main - Duplicate entry skipped for user 352 at 2026-03-31 08:45:28
2026-04-02 15:33:51,339 - INFO - main - Duplicate entry skipped for user 15563 at 2026-03-31 08:45:47
2026-04-02 15:33:51,449 - INFO - main - Duplicate entry skipped for user 3081 at 2026-03-31 08:49:41
2026-04-02 15:33:51,531 - INFO - main - Duplicate entry skipped for user 13529 at 2026-03-31 08:51:38
2026-04-02 15:33:51,640 - INFO - main - Duplicate entry skipped for user 15687 at 2026-03-31 08:51:57
2026-04-02 15:33:51,683 - INFO - main - Duplicate entry skipped for user 14452 at 2026-03-31 08:58:21
2026-04-02 15:33:51,740 - INFO - main - Duplicate entry skipped for user 357 at 2026-03-31 09:12:59
2026-04-02 15:33:51,911 - INFO - main - Duplicate entry skipped for user 1603 at 2026-03-31 09:13:38
2026-04-02 15:33:52,060 - INFO - main - Duplicate entry skipped for user 2240 at 2026-03-31 09:17:36
2026-04-02 15:33:52,131 - INFO - main - Duplicate entry skipped for user 15756 at 2026-03-31 09:36:30
2026-04-02 15:33:52,230 - INFO - main - Duplicate entry skipped for user 1409 at 2026-03-31 13:40:35
2026-04-02 15:33:52,340 - INFO - main - Duplicate entry skipped for user 3337 at 2026-03-31 13:47:53
2026-04-02 15:33:52,443 - INFO - main - Duplicate entry skipped for user 3855 at 2026-03-31 13:48:17
2026-04-02 15:33:52,589 - INFO - main - Duplicate entry skipped for user 10886 at 2026-03-31 13:49:38
2026-04-02 15:33:52,666 - INFO - main - Duplicate entry skipped for user 52897 at 2026-03-31 13:55:38
2026-04-02 15:33:52,735 - INFO - main - Duplicate entry skipped for user 32714 at 2026-03-31 14:00:39
2026-04-02 15:33:52,837 - INFO - main - Duplicate entry skipped for user 59403 at 2026-03-31 14:02:47
2026-04-02 15:33:52,906 - INFO - main - Duplicate entry skipped for user 99316 at 2026-03-31 14:02:50
2026-04-02 15:33:52,983 - INFO - main - Duplicate entry skipped for user 14588 at 2026-03-31 14:04:58
2026-04-02 15:33:53,062 - INFO - main - Duplicate entry skipped for user 14337 at 2026-03-31 14:07:43
2026-04-02 15:33:53,190 - INFO - main - Duplicate entry skipped for user 15549 at 2026-03-31 14:07:45
2026-04-02 15:33:53,249 - INFO - main - Duplicate entry skipped for user 10051 at 2026-03-31 14:08:07
2026-04-02 15:33:53,347 - INFO - main - Duplicate entry skipped for user 2239 at 2026-03-31 14:08:12
2026-04-02 15:33:53,406 - INFO - main - Duplicate entry skipped for user 2221 at 2026-03-31 14:08:35
2026-04-02 15:33:54,122 - INFO - main - Duplicate entry skipped for user 1294 at 2026-03-31 14:08:57
2026-04-02 15:33:54,247 - INFO - main - Duplicate entry skipped for user 15579 at 2026-03-31 14:09:20
2026-04-02 15:33:54,690 - INFO - main - Duplicate entry skipped for user 15552 at 2026-03-31 14:11:45
2026-04-02 15:33:54,840 - INFO - main - Duplicate entry skipped for user 34784 at 2026-03-31 14:11:51
2026-04-02 15:33:56,217 - INFO - main - Duplicate entry skipped for user 10077 at 2026-03-31 14:17:49
2026-04-02 15:33:56,700 - INFO - main - Duplicate entry skipped for user 1002 at 2026-03-31 14:19:31
2026-04-02 15:33:56,797 - INFO - main - Duplicate entry skipped for user 14497 at 2026-03-31 14:23:48
2026-04-02 15:33:57,199 - INFO - main - Duplicate entry skipped for user 478 at 2026-03-31 14:38:45
2026-04-02 15:33:57,265 - INFO - main - Duplicate entry skipped for user 1291 at 2026-03-31 15:07:22
2026-04-02 15:33:57,357 - INFO - main - Duplicate entry skipped for user 3311 at 2026-03-31 15:39:55
2026-04-02 15:33:57,416 - INFO - main - Duplicate entry skipped for user 15638 at 2026-03-31 15:40:47
2026-04-02 15:33:57,513 - INFO - main - Duplicate entry skipped for user 2068 at 2026-03-31 15:45:25
2026-04-02 15:33:57,591 - INFO - main - Duplicate entry skipped for user 3081 at 2026-03-31 15:47:42
2026-04-02 15:33:57,680 - INFO - main - Duplicate entry skipped for user 35306 at 2026-03-31 15:53:28
2026-04-02 15:33:57,735 - INFO - main - Duplicate entry skipped for user 13708 at 2026-03-31 15:54:05
2026-04-02 15:33:57,793 - INFO - main - Duplicate entry skipped for user 10091 at 2026-03-31 15:56:24
2026-04-02 15:33:57,873 - INFO - main - Duplicate entry skipped for user 14240 at 2026-03-31 15:57:22
2026-04-02 15:33:57,933 - INFO - main - Duplicate entry skipped for user 11495 at 2026-03-31 15:57:26
2026-04-02 15:33:58,081 - INFO - main - Duplicate entry skipped for user 1981 at 2026-03-31 15:57:34
2026-04-02 15:33:58,167 - INFO - main - Duplicate entry skipped for user 330 at 2026-03-31 15:57:37
2026-04-02 15:33:58,212 - INFO - main - Duplicate entry skipped for user 26879 at 2026-03-31 15:57:53
2026-04-02 15:33:58,262 - INFO - main - Duplicate entry skipped for user 14099 at 2026-03-31 15:58:44
2026-04-02 15:33:58,342 - INFO - main - Duplicate entry skipped for user 998 at 2026-03-31 15:58:51
2026-04-02 15:33:58,408 - INFO - main - Duplicate entry skipped for user 229 at 2026-03-31 15:59:41
2026-04-02 15:33:58,468 - INFO - main - Duplicate entry skipped for user 14452 at 2026-03-31 15:59:46
2026-04-02 15:33:58,583 - INFO - main - Duplicate entry skipped for user 11768 at 2026-03-31 15:59:51
2026-04-02 15:33:58,681 - INFO - main - Duplicate entry skipped for user 1000 at 2026-03-31 15:59:55
2026-04-02 15:33:58,751 - INFO - main - Duplicate entry skipped for user 15041 at 2026-03-31 16:00:08
2026-04-02 15:33:58,795 - INFO - main - Duplicate entry skipped for user 2240 at 2026-03-31 16:00:59
2026-04-02 15:33:58,852 - INFO - main - Duplicate entry skipped for user 11620 at 2026-03-31 16:02:57
2026-04-02 15:33:59,262 - INFO - main - Duplicate entry skipped for user 12345 at 2026-03-31 16:03:55
2026-04-02 15:33:59,339 - INFO - main - Duplicate entry skipped for user 15212 at 2026-03-31 16:03:59
2026-04-02 15:33:59,366 - INFO - main - Duplicate entry skipped for user 14932 at 2026-03-31 16:05:57
2026-04-02 15:33:59,404 - INFO - main - Duplicate entry skipped for user 14329 at 2026-03-31 16:07:18
2026-04-02 15:33:59,465 - INFO - main - Duplicate entry skipped for user 13757 at 2026-03-31 16:07:58
2026-04-02 15:33:59,502 - INFO - main - Duplicate entry skipped for user 47 at 2026-03-31 16:08:35
2026-04-02 15:33:59,532 - INFO - main - Duplicate entry skipped for user 1523 at 2026-03-31 16:08:39
2026-04-02 15:33:59,557 - INFO - main - Duplicate entry skipped for user 76413 at 2026-03-31 16:09:13
2026-04-02 15:33:59,710 - INFO - main - Duplicate entry skipped for user 9017 at 2026-03-31 16:10:21
2026-04-02 15:33:59,733 - INFO - main - Duplicate entry skipped for user 857 at 2026-03-31 16:10:33
2026-04-02 15:33:59,762 - INFO - main - Duplicate entry skipped for user 10949 at 2026-03-31 16:11:24
2026-04-02 15:33:59,787 - INFO - main - Duplicate entry skipped for user 15563 at 2026-03-31 16:12:55
2026-04-02 15:33:59,950 - INFO - main - Duplicate entry skipped for user 10297 at 2026-03-31 16:14:42
2026-04-02 15:33:59,976 - INFO - main - Duplicate entry skipped for user 13750 at 2026-03-31 16:19:01
2026-04-02 15:34:00,002 - INFO - main - Duplicate entry skipped for user 15698 at 2026-03-31 16:21:05
2026-04-02 15:34:00,026 - INFO - main - Duplicate entry skipped for user 536 at 2026-03-31 16:29:18
2026-04-02 15:34:00,053 - INFO - main - Duplicate entry skipped for user 10083 at 2026-03-31 16:33:32
2026-04-02 15:34:00,194 - INFO - main - Duplicate entry skipped for user 13712 at 2026-03-31 16:34:45
2026-04-02 15:34:00,217 - INFO - main - Duplicate entry skipped for user 48 at 2026-03-31 16:45:10
2026-04-02 15:34:00,245 - INFO - main - Duplicate entry skipped for user 11634 at 2026-03-31 16:46:38
2026-04-02 15:34:00,269 - INFO - main - Duplicate entry skipped for user 357 at 2026-03-31 16:48:57
2026-04-02 15:34:00,329 - INFO - main - Duplicate entry skipped for user 546 at 2026-03-31 16:49:44
2026-04-02 15:34:00,390 - INFO - main - Duplicate entry skipped for user 144 at 2026-03-31 16:53:23
2026-04-02 15:34:00,460 - INFO - main - Duplicate entry skipped for user 15642 at 2026-03-31 16:54:39
2026-04-02 15:34:00,560 - INFO - main - Duplicate entry skipped for user 11634 at 2026-03-31 16:54:56
2026-04-02 15:34:00,655 - INFO - main - Duplicate entry skipped for user 907 at 2026-03-31 16:58:09
2026-04-02 15:34:00,695 - INFO - main - Duplicate entry skipped for user 13706 at 2026-03-31 17:13:50
2026-04-02 15:34:00,732 - INFO - main - Duplicate entry skipped for user 6671 at 2026-03-31 17:16:53
2026-04-02 15:34:00,893 - INFO - main - Duplicate entry skipped for user 3152 at 2026-03-31 17:44:37
2026-04-02 15:34:00,914 - INFO - main - Duplicate entry skipped for user 83140 at 2026-03-31 17:50:37
2026-04-02 15:34:01,687 - INFO - main - Duplicate entry skipped for user 1907 at 2026-03-31 18:02:54
2026-04-02 15:34:01,771 - INFO - main - Duplicate entry skipped for user 15687 at 2026-03-31 18:45:12
2026-04-02 15:34:01,800 - INFO - main - Duplicate entry skipped for user 1867 at 2026-03-31 20:47:44
2026-04-02 15:34:01,829 - INFO - main - Duplicate entry skipped for user 1982 at 2026-03-31 20:50:37
2026-04-02 15:34:02,355 - INFO - main - Duplicate entry skipped for user 2244 at 2026-03-31 21:01:21
2026-04-02 15:34:02,508 - INFO - main - Duplicate entry skipped for user 59403 at 2026-03-31 21:01:45
2026-04-02 15:34:02,529 - INFO - main - Duplicate entry skipped for user 52897 at 2026-03-31 21:01:51
2026-04-02 15:34:02,555 - INFO - main - Duplicate entry skipped for user 2239 at 2026-03-31 21:01:57
2026-04-02 15:34:02,582 - INFO - main - Duplicate entry skipped for user 4541 at 2026-03-31 21:02:34
2026-04-02 15:34:02,601 - INFO - main - Duplicate entry skipped for user 1294 at 2026-03-31 21:02:43
2026-04-02 15:34:02,630 - INFO - main - Duplicate entry skipped for user 14337 at 2026-03-31 21:03:07
2026-04-02 15:34:02,658 - INFO - main - Duplicate entry skipped for user 14588 at 2026-03-31 21:03:09
2026-04-02 15:34:02,685 - INFO - main - Duplicate entry skipped for user 15549 at 2026-03-31 21:03:21
2026-04-02 15:34:02,984 - INFO - main - Duplicate entry skipped for user 32714 at 2026-03-31 21:10:27
2026-04-02 15:34:03,006 - INFO - main - Duplicate entry skipped for user 99316 at 2026-03-31 21:10:31
2026-04-02 15:34:03,029 - INFO - main - Duplicate entry skipped for user 14497 at 2026-03-31 21:11:42
2026-04-02 15:34:03,060 - INFO - main - Duplicate entry skipped for user 10051 at 2026-03-31 21:13:27
2026-04-02 15:34:03,079 - INFO - main - Duplicate entry skipped for user 10886 at 2026-03-31 21:48:31
2026-04-02 15:34:03,111 - INFO - main - Duplicate entry skipped for user 1075 at 2026-03-31 21:49:38
2026-04-02 15:34:03,137 - INFO - main - Duplicate entry skipped for user 10868 at 2026-03-31 21:49:44
2026-04-02 15:34:03,163 - INFO - main - Duplicate entry skipped for user 3855 at 2026-03-31 21:51:36
2026-04-02 15:34:03,198 - INFO - main - Duplicate entry skipped for user 3337 at 2026-03-31 21:52:53
2026-04-02 15:34:03,230 - INFO - main - Duplicate entry skipped for user 10868 at 2026-04-01 05:47:24
2026-04-02 15:34:03,257 - INFO - main - Duplicate entry skipped for user 1597 at 2026-04-01 05:48:36
2026-04-02 15:34:03,285 - INFO - main - Duplicate entry skipped for user 14005 at 2026-04-01 05:48:52
2026-04-02 15:34:03,321 - INFO - main - Duplicate entry skipped for user 10122 at 2026-04-01 05:49:01
2026-04-02 15:34:03,346 - INFO - main - Duplicate entry skipped for user 1075 at 2026-04-01 05:52:26
2026-04-02 15:34:03,366 - INFO - main - Duplicate entry skipped for user 52897 at 2026-04-01 07:21:23
2026-04-02 15:34:03,397 - INFO - main - Duplicate entry skipped for user 2239 at 2026-04-01 07:26:53
2026-04-02 15:34:03,423 - INFO - main - Duplicate entry skipped for user 2244 at 2026-04-01 07:27:51
2026-04-02 15:34:03,448 - INFO - main - Duplicate entry skipped for user 14236 at 2026-04-01 07:29:30
2026-04-02 15:34:03,481 - INFO - main - Duplicate entry skipped for user 10077 at 2026-04-01 07:30:00
2026-04-02 15:34:03,510 - INFO - main - Duplicate entry skipped for user 4541 at 2026-04-01 07:30:15
2026-04-02 15:34:03,535 - INFO - main - Duplicate entry skipped for user 15131 at 2026-04-01 07:33:15
2026-04-02 15:34:03,561 - INFO - main - Duplicate entry skipped for user 10051 at 2026-04-01 07:33:33
2026-04-02 15:34:03,583 - INFO - main - Duplicate entry skipped for user 15561 at 2026-04-01 07:33:43
2026-04-02 15:34:03,608 - INFO - main - Duplicate entry skipped for user 1294 at 2026-04-01 07:33:51
2026-04-02 15:34:03,630 - INFO - main - Duplicate entry skipped for user 13015 at 2026-04-01 07:38:21
2026-04-02 15:34:03,670 - INFO - main - Duplicate entry skipped for user 52384 at 2026-04-01 07:38:27
2026-04-02 15:34:03,699 - INFO - main - Duplicate entry skipped for user 13680 at 2026-04-01 07:38:35
2026-04-02 15:34:03,726 - INFO - main - Duplicate entry skipped for user 14337 at 2026-04-01 07:38:56
2026-04-02 15:34:03,749 - INFO - main - Duplicate entry skipped for user 14497 at 2026-04-01 07:39:55
2026-04-02 15:34:03,877 - INFO - main - Duplicate entry skipped for user 320 at 2026-04-01 07:40:02
2026-04-02 15:34:03,918 - INFO - main - Duplicate entry skipped for user 99316 at 2026-04-01 07:40:25
2026-04-02 15:34:03,945 - INFO - main - Duplicate entry skipped for user 13658 at 2026-04-01 07:41:14
2026-04-02 15:34:03,971 - INFO - main - Duplicate entry skipped for user 44406 at 2026-04-01 07:42:47
2026-04-02 15:34:03,998 - INFO - main - Duplicate entry skipped for user 15552 at 2026-04-01 07:42:49
2026-04-02 15:34:04,016 - INFO - main - Duplicate entry skipped for user 59403 at 2026-04-01 07:44:03
2026-04-02 15:34:04,043 - INFO - main - Duplicate entry skipped for user 998 at 2026-04-01 07:44:17
2026-04-02 15:34:04,072 - INFO - main - Duplicate entry skipped for user 3782 at 2026-04-01 07:45:03
2026-04-02 15:34:04,095 - INFO - main - Duplicate entry skipped for user 14099 at 2026-04-01 07:45:33
2026-04-02 15:34:04,124 - INFO - main - Duplicate entry skipped for user 14588 at 2026-04-01 07:45:46
2026-04-02 15:34:04,146 - INFO - main - Duplicate entry skipped for user 1000 at 2026-04-01 07:50:48
2026-04-02 15:34:04,181 - INFO - main - Duplicate entry skipped for user 10949 at 2026-04-01 07:51:17
2026-04-02 15:34:04,204 - INFO - main - Duplicate entry skipped for user 15043 at 2026-04-01 07:51:51
2026-04-02 15:34:04,220 - INFO - main - Duplicate entry skipped for user 15032 at 2026-04-01 07:55:59
2026-04-02 15:34:04,253 - INFO - main - Duplicate entry skipped for user 907 at 2026-04-01 07:56:22
2026-04-02 15:34:04,282 - INFO - main - Duplicate entry skipped for user 1982 at 2026-04-01 07:58:22
2026-04-02 15:34:04,303 - INFO - main - Duplicate entry skipped for user 1867 at 2026-04-01 07:58:37
2026-04-02 15:34:04,335 - INFO - main - Duplicate entry skipped for user 76413 at 2026-04-01 07:59:21
2026-04-02 15:34:04,362 - INFO - main - Duplicate entry skipped for user 229 at 2026-04-01 08:02:25
2026-04-02 15:34:04,381 - INFO - main - Duplicate entry skipped for user 8877 at 2026-04-01 08:02:30
2026-04-02 15:34:04,425 - INFO - main - Duplicate entry skipped for user 34104 at 2026-04-01 08:02:34
2026-04-02 15:34:04,448 - INFO - main - Duplicate entry skipped for user 1536 at 2026-04-01 08:03:11
2026-04-02 15:34:04,467 - INFO - main - Duplicate entry skipped for user 79032 at 2026-04-01 08:03:36
2026-04-02 15:34:04,533 - INFO - main - Ignoring new entry before 12 PM for user 1000 at 2026-04-01 08:06:07
2026-04-02 15:34:04,563 - INFO - main - Duplicate entry skipped for user 15549 at 2026-04-01 08:06:52
2026-04-02 15:34:04,582 - INFO - main - Duplicate entry skipped for user 15212 at 2026-04-01 08:08:10
2026-04-02 15:34:04,613 - INFO - main - Duplicate entry skipped for user 14932 at 2026-04-01 08:09:31
2026-04-02 15:34:04,635 - INFO - main - Duplicate entry skipped for user 15325 at 2026-04-01 08:09:34
2026-04-02 15:34:04,661 - INFO - main - Duplicate entry skipped for user 2242 at 2026-04-01 08:10:48
2026-04-02 15:34:04,703 - INFO - main - Duplicate entry skipped for user 1907 at 2026-04-01 08:11:55
2026-04-02 15:34:04,734 - INFO - main - Duplicate entry skipped for user 10116 at 2026-04-01 08:12:27
2026-04-02 15:34:04,897 - INFO - main - Duplicate entry skipped for user 8531 at 2026-04-01 08:13:08
2026-04-02 15:34:05,003 - INFO - main - Duplicate entry skipped for user 15698 at 2026-04-01 08:14:15
2026-04-02 15:34:05,085 - INFO - main - Duplicate entry skipped for user 11768 at 2026-04-01 08:14:59
2026-04-02 15:34:05,099 - INFO - main - Duplicate entry skipped for user 352 at 2026-04-01 08:16:46
2026-04-02 15:34:05,136 - INFO - main - Duplicate entry skipped for user 96486 at 2026-04-01 08:17:58
2026-04-02 15:34:05,163 - INFO - main - Duplicate entry skipped for user 12345 at 2026-04-01 08:18:11
2026-04-02 15:34:05,188 - INFO - main - Duplicate entry skipped for user 15643 at 2026-04-01 08:18:40
2026-04-02 15:34:05,208 - INFO - main - Duplicate entry skipped for user 14307 at 2026-04-01 08:18:44
2026-04-02 15:34:05,229 - INFO - main - Duplicate entry skipped for user 83140 at 2026-04-01 08:18:55
2026-04-02 15:34:05,257 - INFO - main - Duplicate entry skipped for user 2240 at 2026-04-01 08:22:12
2026-04-02 15:34:05,284 - INFO - main - Duplicate entry skipped for user 217 at 2026-04-01 08:22:38
2026-04-02 15:34:05,309 - INFO - main - Duplicate entry skipped for user 11618 at 2026-04-01 08:22:42
2026-04-02 15:34:05,335 - INFO - main - Duplicate entry skipped for user 3152 at 2026-04-01 08:22:50
2026-04-02 15:34:05,368 - INFO - main - Duplicate entry skipped for user 6959 at 2026-04-01 08:22:56
2026-04-02 15:34:05,394 - INFO - main - Duplicate entry skipped for user 35306 at 2026-04-01 08:23:16
2026-04-02 15:34:05,422 - INFO - main - Duplicate entry skipped for user 15638 at 2026-04-01 08:24:13
2026-04-02 15:34:05,453 - INFO - main - Duplicate entry skipped for user 10335 at 2026-04-01 08:24:24
2026-04-02 15:34:05,480 - INFO - main - Duplicate entry skipped for user 13611 at 2026-04-01 08:25:06
2026-04-02 15:34:05,544 - INFO - main - Duplicate entry skipped for user 48 at 2026-04-01 08:25:55
2026-04-02 15:34:05,572 - INFO - main - Duplicate entry skipped for user 47 at 2026-04-01 08:26:29
2026-04-02 15:34:05,625 - INFO - main - Duplicate entry skipped for user 15642 at 2026-04-01 08:29:08
2026-04-02 15:34:05,697 - INFO - main - Duplicate entry skipped for user 8279 at 2026-04-01 08:30:15
2026-04-02 15:34:05,747 - INFO - main - Duplicate entry skipped for user 15558 at 2026-04-01 08:31:13
2026-04-02 15:34:05,786 - INFO - main - Duplicate entry skipped for user 1452 at 2026-04-01 08:32:43
2026-04-02 15:34:05,816 - INFO - main - Duplicate entry skipped for user 14452 at 2026-04-01 08:35:41
2026-04-02 15:34:05,848 - INFO - main - Duplicate entry skipped for user 7867 at 2026-04-01 08:38:07
2026-04-02 15:34:05,882 - INFO - main - Duplicate entry skipped for user 14330 at 2026-04-01 08:38:10
2026-04-02 15:34:05,912 - INFO - main - Duplicate entry skipped for user 11589 at 2026-04-01 08:41:05
2026-04-02 15:34:05,939 - INFO - main - Duplicate entry skipped for user 13529 at 2026-04-01 08:42:38
2026-04-02 15:34:05,971 - INFO - main - Duplicate entry skipped for user 8862 at 2026-04-01 08:43:20
2026-04-02 15:34:05,995 - INFO - main - Duplicate entry skipped for user 41 at 2026-04-01 08:45:23
2026-04-02 15:34:06,021 - INFO - main - Duplicate entry skipped for user 15687 at 2026-04-01 08:56:08
2026-04-02 15:34:06,047 - INFO - main - Duplicate entry skipped for user 8951 at 2026-04-01 08:58:57
2026-04-02 15:34:06,075 - INFO - main - Duplicate entry skipped for user 3081 at 2026-04-01 09:12:37
2026-04-02 15:34:06,103 - INFO - main - Duplicate entry skipped for user 1603 at 2026-04-01 09:19:30
2026-04-02 15:34:06,130 - INFO - main - Duplicate entry skipped for user 751 at 2026-04-01 09:26:35
2026-04-02 15:34:06,161 - INFO - main - Duplicate entry skipped for user 1007 at 2026-04-01 09:27:26
2026-04-02 15:34:06,188 - INFO - main - Duplicate entry skipped for user 15756 at 2026-04-01 09:37:29
2026-04-02 15:34:06,218 - INFO - main - Duplicate entry skipped for user 15591 at 2026-04-01 11:27:49
2026-04-02 15:34:06,247 - INFO - main - Duplicate entry skipped for user 11634 at 2026-04-01 12:06:19
2026-04-02 15:34:06,264 - INFO - main - Duplicate entry skipped for user 546 at 2026-04-01 12:14:17
2026-04-02 15:34:06,306 - INFO - main - Duplicate entry skipped for user 1873 at 2026-04-01 13:11:03
2026-04-02 15:34:06,329 - INFO - main - Duplicate entry skipped for user 10678 at 2026-04-01 13:39:45
2026-04-02 15:34:06,369 - INFO - main - Duplicate entry skipped for user 3337 at 2026-04-01 13:46:06
2026-04-02 15:34:06,406 - INFO - main - Duplicate entry skipped for user 3855 at 2026-04-01 13:46:21
2026-04-02 15:34:06,433 - INFO - main - Duplicate entry skipped for user 1597 at 2026-04-01 13:49:47
2026-04-02 15:34:06,459 - INFO - main - Duplicate entry skipped for user 44406 at 2026-04-01 13:56:39
2026-04-02 15:34:06,482 - INFO - main - Duplicate entry skipped for user 32714 at 2026-04-01 13:57:38
2026-04-02 15:34:06,512 - INFO - main - Duplicate entry skipped for user 15037 at 2026-04-01 14:00:12
2026-04-02 15:34:06,534 - INFO - main - Duplicate entry skipped for user 8880 at 2026-04-01 14:01:34
2026-04-02 15:34:06,571 - INFO - main - Duplicate entry skipped for user 8868 at 2026-04-01 14:01:47
2026-04-02 15:34:06,595 - INFO - main - Duplicate entry skipped for user 2239 at 2026-04-01 14:01:58
2026-04-02 15:34:06,618 - INFO - main - Duplicate entry skipped for user 13118 at 2026-04-01 14:02:07
2026-04-02 15:34:06,639 - INFO - main - Duplicate entry skipped for user 77165 at 2026-04-01 14:02:56
2026-04-02 15:34:06,662 - INFO - main - Duplicate entry skipped for user 14236 at 2026-04-01 14:04:37
2026-04-02 15:34:06,691 - INFO - main - Duplicate entry skipped for user 15580 at 2026-04-01 14:04:50
2026-04-02 15:34:06,714 - INFO - main - Duplicate entry skipped for user 14266 at 2026-04-01 14:05:00
2026-04-02 15:34:06,749 - INFO - main - Duplicate entry skipped for user 15561 at 2026-04-01 14:07:49
2026-04-02 15:34:06,774 - INFO - main - Duplicate entry skipped for user 10280 at 2026-04-01 14:09:31
2026-04-02 15:34:06,798 - INFO - main - Duplicate entry skipped for user 14503 at 2026-04-01 14:10:02
2026-04-02 15:34:06,824 - INFO - main - Duplicate entry skipped for user 15537 at 2026-04-01 14:10:08
2026-04-02 15:34:06,842 - INFO - main - Duplicate entry skipped for user 15581 at 2026-04-01 14:10:10
2026-04-02 15:34:06,866 - INFO - main - Duplicate entry skipped for user 15549 at 2026-04-01 14:14:39
2026-04-02 15:34:06,901 - INFO - main - Duplicate entry skipped for user 10051 at 2026-04-01 14:15:01
2026-04-02 15:34:06,924 - INFO - main - Duplicate entry skipped for user 59403 at 2026-04-01 14:16:08
2026-04-02 15:34:06,947 - INFO - main - Duplicate entry skipped for user 52897 at 2026-04-01 14:16:11
2026-04-02 15:34:06,971 - INFO - main - Duplicate entry skipped for user 14337 at 2026-04-01 14:16:16
2026-04-02 15:34:06,984 - INFO - main - Duplicate entry skipped for user 1294 at 2026-04-01 14:16:21
2026-04-02 15:34:07,020 - INFO - main - Duplicate entry skipped for user 99316 at 2026-04-01 14:19:45
2026-04-02 15:34:07,045 - INFO - main - Duplicate entry skipped for user 14497 at 2026-04-01 14:22:09
2026-04-02 15:34:07,136 - INFO - main - Duplicate entry skipped for user 15536 at 2026-04-01 14:26:41
2026-04-02 15:34:07,291 - INFO - main - Duplicate entry skipped for user 2397 at 2026-04-01 14:48:19
2026-04-02 15:34:07,325 - INFO - main - Duplicate entry skipped for user 15638 at 2026-04-01 15:52:47
2026-04-02 15:34:07,418 - INFO - main - Duplicate entry skipped for user 11618 at 2026-04-01 15:55:41
2026-04-02 15:34:07,474 - INFO - main - Duplicate entry skipped for user 35306 at 2026-04-01 15:56:06
2026-04-02 15:34:07,527 - INFO - main - Duplicate entry skipped for user 10678 at 2026-04-01 15:56:17
2026-04-02 15:34:07,561 - INFO - main - Duplicate entry skipped for user 2242 at 2026-04-01 15:57:04
2026-04-02 15:34:07,700 - INFO - main - Duplicate entry skipped for user 229 at 2026-04-01 15:57:09
2026-04-02 15:34:07,738 - INFO - main - Duplicate entry skipped for user 11768 at 2026-04-01 15:57:16
2026-04-02 15:34:07,786 - INFO - main - Duplicate entry skipped for user 13611 at 2026-04-01 15:57:20
2026-04-02 15:34:07,814 - INFO - main - Duplicate entry skipped for user 13416 at 2026-04-01 15:57:58
2026-04-02 15:34:07,887 - INFO - main - Duplicate entry skipped for user 15212 at 2026-04-01 15:58:04
2026-04-02 15:34:07,961 - INFO - main - Duplicate entry skipped for user 10049 at 2026-04-01 15:58:09
2026-04-02 15:34:08,034 - INFO - main - Duplicate entry skipped for user 998 at 2026-04-01 15:58:54
2026-04-02 15:34:08,128 - INFO - main - Duplicate entry skipped for user 15041 at 2026-04-01 15:59:36
2026-04-02 15:34:08,165 - INFO - main - Duplicate entry skipped for user 1000 at 2026-04-01 16:00:10
2026-04-02 15:34:08,182 - INFO - main - Duplicate entry skipped for user 15558 at 2026-04-01 16:01:11
2026-04-02 15:34:08,218 - INFO - main - Duplicate entry skipped for user 14099 at 2026-04-01 16:01:18
2026-04-02 15:34:08,245 - INFO - main - Duplicate entry skipped for user 1536 at 2026-04-01 16:01:55
2026-04-02 15:34:08,395 - INFO - main - Duplicate entry skipped for user 1603 at 2026-04-01 16:02:12
2026-04-02 15:34:08,437 - INFO - main - Duplicate entry skipped for user 14452 at 2026-04-01 16:03:48
2026-04-02 15:34:08,469 - INFO - main - Duplicate entry skipped for user 34104 at 2026-04-01 16:03:52
2026-04-02 15:34:08,498 - INFO - main - Duplicate entry skipped for user 3782 at 2026-04-01 16:04:57
2026-04-02 15:34:08,530 - INFO - main - Duplicate entry skipped for user 12345 at 2026-04-01 16:05:59
2026-04-02 15:34:08,562 - INFO - main - Duplicate entry skipped for user 15042 at 2026-04-01 16:06:29
2026-04-02 15:34:08,585 - INFO - main - Duplicate entry skipped for user 8531 at 2026-04-01 16:07:10
2026-04-02 15:34:08,642 - INFO - main - Duplicate entry skipped for user 14307 at 2026-04-01 16:07:22
2026-04-02 15:34:08,710 - INFO - main - Duplicate entry skipped for user 10335 at 2026-04-01 16:07:46
2026-04-02 15:34:08,778 - INFO - main - Duplicate entry skipped for user 76413 at 2026-04-01 16:08:09
2026-04-02 15:34:08,886 - INFO - main - Duplicate entry skipped for user 15756 at 2026-04-01 16:09:18
2026-04-02 15:34:08,999 - INFO - main - Duplicate entry skipped for user 79032 at 2026-04-01 16:13:18
2026-04-02 15:34:09,074 - INFO - main - Duplicate entry skipped for user 10949 at 2026-04-01 16:14:10
2026-04-02 15:34:09,115 - INFO - main - Duplicate entry skipped for user 14932 at 2026-04-01 16:14:18
2026-04-02 15:34:09,177 - INFO - main - Duplicate entry skipped for user 1007 at 2026-04-01 16:15:02
2026-04-02 15:34:09,298 - INFO - main - Duplicate entry skipped for user 96486 at 2026-04-01 16:15:09
2026-04-02 15:34:09,371 - INFO - main - Duplicate entry skipped for user 47 at 2026-04-01 16:19:29
2026-04-02 15:34:09,430 - INFO - main - Duplicate entry skipped for user 2240 at 2026-04-01 16:20:08
2026-04-02 15:34:09,459 - INFO - main - Duplicate entry skipped for user 217 at 2026-04-01 16:24:42
2026-04-02 15:34:09,486 - INFO - main - Duplicate entry skipped for user 1867 at 2026-04-01 16:28:28
2026-04-02 15:34:09,516 - INFO - main - Duplicate entry skipped for user 48 at 2026-04-01 16:28:48
2026-04-02 15:34:09,539 - INFO - main - Duplicate entry skipped for user 15698 at 2026-04-01 16:29:08
2026-04-02 15:34:09,568 - INFO - main - Duplicate entry skipped for user 8877 at 2026-04-01 16:33:04
2026-04-02 15:34:09,596 - INFO - main - Duplicate entry skipped for user 14330 at 2026-04-01 16:33:07
2026-04-02 15:34:09,620 - INFO - main - Duplicate entry skipped for user 15043 at 2026-04-01 16:33:12
2026-04-02 15:34:09,781 - INFO - main - Duplicate entry skipped for user 15131 at 2026-04-01 16:35:16
2026-04-02 15:34:09,796 - INFO - main - Duplicate entry skipped for user 15325 at 2026-04-01 16:36:16
2026-04-02 15:34:09,830 - INFO - main - Duplicate entry skipped for user 352 at 2026-04-01 16:36:34
2026-04-02 15:34:09,861 - INFO - main - Duplicate entry skipped for user 7867 at 2026-04-01 16:36:39
2026-04-02 15:34:09,893 - INFO - main - Duplicate entry skipped for user 15591 at 2026-04-01 16:39:12
2026-04-02 15:34:09,926 - INFO - main - Duplicate entry skipped for user 8862 at 2026-04-01 16:43:14
2026-04-02 15:34:09,956 - INFO - main - Duplicate entry skipped for user 15643 at 2026-04-01 16:43:17
2026-04-02 15:34:09,982 - INFO - main - Duplicate entry skipped for user 15687 at 2026-04-01 16:45:53
2026-04-02 15:34:10,005 - INFO - main - Duplicate entry skipped for user 8951 at 2026-04-01 16:46:07
2026-04-02 15:34:10,030 - INFO - main - Duplicate entry skipped for user 10116 at 2026-04-01 16:47:00
2026-04-02 15:34:10,054 - INFO - main - Duplicate entry skipped for user 6671 at 2026-04-01 16:48:15
2026-04-02 15:34:10,078 - INFO - main - Duplicate entry skipped for user 11589 at 2026-04-01 16:49:43
2026-04-02 15:34:10,111 - INFO - main - Duplicate entry skipped for user 1452 at 2026-04-01 16:52:01
2026-04-02 15:34:10,132 - INFO - main - Duplicate entry skipped for user 15642 at 2026-04-01 16:52:07
2026-04-02 15:34:10,157 - INFO - main - Duplicate entry skipped for user 6959 at 2026-04-01 16:55:16
2026-04-02 15:34:10,187 - INFO - main - Duplicate entry skipped for user 3152 at 2026-04-01 17:16:22
2026-04-02 15:34:10,210 - INFO - main - Duplicate entry skipped for user 546 at 2026-04-01 17:16:26
2026-04-02 15:34:10,245 - INFO - main - Duplicate entry skipped for user 13757 at 2026-04-01 17:39:24
2026-04-02 15:34:10,265 - INFO - main - Duplicate entry skipped for user 1907 at 2026-04-01 17:55:06
2026-04-02 15:34:10,294 - INFO - main - Duplicate entry skipped for user 8880 at 2026-04-01 20:29:17
2026-04-02 15:34:10,313 - INFO - main - Duplicate entry skipped for user 15552 at 2026-04-01 20:53:15
2026-04-02 15:34:10,339 - INFO - main - Duplicate entry skipped for user 10077 at 2026-04-01 21:03:53
2026-04-02 15:34:10,367 - INFO - main - Duplicate entry skipped for user 320 at 2026-04-01 21:03:59
2026-04-02 15:34:10,389 - INFO - main - Duplicate entry skipped for user 52384 at 2026-04-01 21:04:19
2026-04-02 15:34:10,422 - INFO - main - Duplicate entry skipped for user 4541 at 2026-04-01 21:04:26
2026-04-02 15:34:10,452 - INFO - main - Duplicate entry skipped for user 13015 at 2026-04-01 21:04:29
2026-04-02 15:34:10,482 - INFO - main - Duplicate entry skipped for user 2221 at 2026-04-01 21:04:36
2026-04-02 15:34:10,505 - INFO - main - Duplicate entry skipped for user 15079 at 2026-04-01 21:05:24
2026-04-02 15:34:10,532 - INFO - main - Duplicate entry skipped for user 15579 at 2026-04-01 21:05:51
2026-04-02 15:34:10,547 - INFO - main - Duplicate entry skipped for user 34784 at 2026-04-01 21:05:56
2026-04-02 15:34:10,584 - INFO - main - Duplicate entry skipped for user 15537 at 2026-04-01 21:07:18
2026-04-02 15:34:10,604 - INFO - main - Duplicate entry skipped for user 1873 at 2026-04-01 21:07:52
2026-04-02 15:34:10,629 - INFO - main - Duplicate entry skipped for user 77165 at 2026-04-01 21:09:17
2026-04-02 15:34:10,652 - INFO - main - Duplicate entry skipped for user 15037 at 2026-04-01 21:09:45
2026-04-02 15:34:10,677 - INFO - main - Duplicate entry skipped for user 14503 at 2026-04-01 21:11:00
2026-04-02 15:34:10,709 - INFO - main - Duplicate entry skipped for user 15581 at 2026-04-01 21:11:07
2026-04-02 15:34:10,730 - INFO - main - Duplicate entry skipped for user 15580 at 2026-04-01 21:11:10
2026-04-02 15:34:10,761 - INFO - main - Duplicate entry skipped for user 13680 at 2026-04-01 21:12:21
2026-04-02 15:34:10,781 - INFO - main - Duplicate entry skipped for user 15583 at 2026-04-01 21:12:28
2026-04-02 15:34:10,811 - INFO - main - Duplicate entry skipped for user 14588 at 2026-04-01 21:12:51
2026-04-02 15:34:10,830 - INFO - main - Duplicate entry skipped for user 15536 at 2026-04-01 21:14:09
2026-04-02 15:34:10,856 - INFO - main - Duplicate entry skipped for user 32714 at 2026-04-01 21:14:13
2026-04-02 15:34:10,877 - INFO - main - Duplicate entry skipped for user 14266 at 2026-04-01 21:14:18
2026-04-02 15:34:10,901 - INFO - main - Duplicate entry skipped for user 10280 at 2026-04-01 21:18:34
2026-04-02 15:34:10,928 - INFO - main - Duplicate entry skipped for user 10886 at 2026-04-01 21:49:32
2026-04-02 15:34:10,951 - INFO - main - Duplicate entry skipped for user 1075 at 2026-04-01 21:49:39
2026-04-02 15:34:10,982 - INFO - main - Duplicate entry skipped for user 10868 at 2026-04-01 21:50:01
2026-04-02 15:34:11,011 - INFO - main - Duplicate entry skipped for user 3337 at 2026-04-01 21:53:03
2026-04-02 15:34:11,045 - INFO - main - Duplicate entry skipped for user 3855 at 2026-04-01 21:53:28
2026-04-02 15:34:11,068 - INFO - main - Duplicate entry skipped for user 10808 at 2026-04-01 22:07:46
2026-04-02 15:34:11,099 - INFO - main - Duplicate entry skipped for user 1075 at 2026-04-02 05:45:22
2026-04-02 15:34:11,128 - INFO - main - Duplicate entry skipped for user 10868 at 2026-04-02 05:46:35
2026-04-02 15:34:11,157 - INFO - main - Duplicate entry skipped for user 14005 at 2026-04-02 05:48:45
2026-04-02 15:34:11,185 - INFO - main - Duplicate entry skipped for user 10122 at 2026-04-02 05:48:50
2026-04-02 15:34:11,215 - INFO - main - Duplicate entry skipped for user 1597 at 2026-04-02 05:51:13
2026-04-02 15:34:11,242 - INFO - main - Duplicate entry skipped for user 854 at 2026-04-02 07:17:36
2026-04-02 15:34:11,267 - INFO - main - Duplicate entry skipped for user 14236 at 2026-04-02 07:29:06
2026-04-02 15:34:11,296 - INFO - main - Duplicate entry skipped for user 52897 at 2026-04-02 07:31:02
2026-04-02 15:34:11,328 - INFO - main - Duplicate entry skipped for user 13680 at 2026-04-02 07:33:43
2026-04-02 15:34:11,350 - INFO - main - Duplicate entry skipped for user 52384 at 2026-04-02 07:34:19
2026-04-02 15:34:11,378 - INFO - main - Duplicate entry skipped for user 13015 at 2026-04-02 07:34:23
2026-04-02 15:34:11,395 - INFO - main - Duplicate entry skipped for user 10051 at 2026-04-02 07:36:28
2026-04-02 15:34:11,429 - INFO - main - Duplicate entry skipped for user 15561 at 2026-04-02 07:36:37
2026-04-02 15:34:11,447 - INFO - main - Duplicate entry skipped for user 1446 at 2026-04-02 07:37:01
2026-04-02 15:34:11,485 - INFO - main - Duplicate entry skipped for user 1294 at 2026-04-02 07:37:22
2026-04-02 15:34:11,512 - INFO - main - Duplicate entry skipped for user 2244 at 2026-04-02 07:37:28
2026-04-02 15:34:11,533 - INFO - main - Duplicate entry skipped for user 14588 at 2026-04-02 07:37:38
2026-04-02 15:34:11,570 - INFO - main - Duplicate entry skipped for user 2221 at 2026-04-02 07:38:25
2026-04-02 15:34:11,594 - INFO - main - Duplicate entry skipped for user 59403 at 2026-04-02 07:39:39
2026-04-02 15:34:11,621 - INFO - main - Duplicate entry skipped for user 2239 at 2026-04-02 07:40:00
2026-04-02 15:34:11,648 - INFO - main - Duplicate entry skipped for user 99316 at 2026-04-02 07:41:51
2026-04-02 15:34:11,667 - INFO - main - Duplicate entry skipped for user 998 at 2026-04-02 07:43:29
2026-04-02 15:34:11,701 - INFO - main - Duplicate entry skipped for user 10077 at 2026-04-02 07:43:45
2026-04-02 15:34:11,728 - INFO - main - Duplicate entry skipped for user 320 at 2026-04-02 07:43:50
2026-04-02 15:34:11,755 - INFO - main - Duplicate entry skipped for user 14099 at 2026-04-02 07:44:53
2026-04-02 15:34:11,777 - INFO - main - Duplicate entry skipped for user 857 at 2026-04-02 07:46:05
2026-04-02 15:34:11,802 - INFO - main - Duplicate entry skipped for user 15642 at 2026-04-02 07:50:39
2026-04-02 15:34:11,829 - INFO - main - Duplicate entry skipped for user 76413 at 2026-04-02 07:55:12
2026-04-02 15:34:11,862 - INFO - main - Duplicate entry skipped for user 907 at 2026-04-02 07:55:23
2026-04-02 15:34:11,889 - INFO - main - Duplicate entry skipped for user 15043 at 2026-04-02 07:55:27
2026-04-02 15:34:11,913 - INFO - main - Duplicate entry skipped for user 15552 at 2026-04-02 07:55:32
2026-04-02 15:34:11,935 - INFO - main - Duplicate entry skipped for user 44406 at 2026-04-02 07:55:34
2026-04-02 15:34:11,960 - INFO - main - Duplicate entry skipped for user 1000 at 2026-04-02 07:56:49
2026-04-02 15:34:11,981 - INFO - main - Duplicate entry skipped for user 14337 at 2026-04-02 07:57:03
2026-04-02 15:34:12,011 - INFO - main - Duplicate entry skipped for user 10949 at 2026-04-02 07:58:23
2026-04-02 15:34:12,038 - INFO - main - Duplicate entry skipped for user 15687 at 2026-04-02 07:58:28
2026-04-02 15:34:12,066 - INFO - main - Duplicate entry skipped for user 35306 at 2026-04-02 07:58:36
2026-04-02 15:34:12,094 - INFO - main - Duplicate entry skipped for user 1982 at 2026-04-02 07:58:59
2026-04-02 15:34:12,123 - INFO - main - Duplicate entry skipped for user 229 at 2026-04-02 08:01:30
2026-04-02 15:34:12,150 - INFO - main - Duplicate entry skipped for user 8877 at 2026-04-02 08:01:32
2026-04-02 15:34:12,170 - INFO - main - Duplicate entry skipped for user 15549 at 2026-04-02 08:02:05
2026-04-02 15:34:12,181 - INFO - main - Duplicate entry skipped for user 14497 at 2026-04-02 08:03:02
2026-04-02 15:34:12,218 - INFO - main - Duplicate entry skipped for user 2242 at 2026-04-02 08:05:59
2026-04-02 15:34:12,244 - INFO - main - Duplicate entry skipped for user 13529 at 2026-04-02 08:06:05
2026-04-02 15:34:12,266 - INFO - main - Duplicate entry skipped for user 15032 at 2026-04-02 08:06:42
2026-04-02 15:34:12,294 - INFO - main - Duplicate entry skipped for user 15325 at 2026-04-02 08:06:44
2026-04-02 15:34:12,323 - INFO - main - Duplicate entry skipped for user 10116 at 2026-04-02 08:08:26
2026-04-02 15:34:12,351 - INFO - main - Duplicate entry skipped for user 79032 at 2026-04-02 08:09:13
2026-04-02 15:34:12,378 - INFO - main - Duplicate entry skipped for user 13708 at 2026-04-02 08:12:07
2026-04-02 15:34:12,399 - INFO - main - Duplicate entry skipped for user 14307 at 2026-04-02 08:14:40
2026-04-02 15:34:12,427 - INFO - main - Duplicate entry skipped for user 14932 at 2026-04-02 08:15:48
2026-04-02 15:34:12,456 - INFO - main - Duplicate entry skipped for user 3782 at 2026-04-02 08:15:50
2026-04-02 15:34:12,487 - INFO - main - Duplicate entry skipped for user 569 at 2026-04-02 08:17:24
2026-04-02 15:34:12,512 - INFO - main - Duplicate entry skipped for user 34104 at 2026-04-02 08:19:50
2026-04-02 15:34:12,534 - INFO - main - Duplicate entry skipped for user 13611 at 2026-04-02 08:20:43
2026-04-02 15:34:12,565 - INFO - main - Duplicate entry skipped for user 12345 at 2026-04-02 08:20:46
2026-04-02 15:34:12,582 - INFO - main - Duplicate entry skipped for user 3311 at 2026-04-02 08:21:24
2026-04-02 15:34:12,615 - INFO - main - Duplicate entry skipped for user 96486 at 2026-04-02 08:21:52
2026-04-02 15:34:12,645 - INFO - main - Duplicate entry skipped for user 15212 at 2026-04-02 08:21:57
2026-04-02 15:34:12,667 - INFO - main - Duplicate entry skipped for user 8868 at 2026-04-02 08:22:08
2026-04-02 15:34:12,697 - INFO - main - Duplicate entry skipped for user 1907 at 2026-04-02 08:22:51
2026-04-02 15:34:12,723 - INFO - main - Duplicate entry skipped for user 144 at 2026-04-02 08:23:53
2026-04-02 15:34:12,746 - INFO - main - Duplicate entry skipped for user 47 at 2026-04-02 08:26:16
2026-04-02 15:34:12,774 - INFO - main - Duplicate entry skipped for user 15041 at 2026-04-02 08:26:23
2026-04-02 15:34:12,794 - INFO - main - Duplicate entry skipped for user 15698 at 2026-04-02 08:26:29
2026-04-02 15:34:12,818 - INFO - main - Duplicate entry skipped for user 15643 at 2026-04-02 08:26:33
2026-04-02 15:34:12,839 - INFO - main - Duplicate entry skipped for user 2240 at 2026-04-02 08:27:17
2026-04-02 15:34:12,860 - INFO - main - Duplicate entry skipped for user 11620 at 2026-04-02 08:27:25
2026-04-02 15:34:12,892 - INFO - main - Duplicate entry skipped for user 3152 at 2026-04-02 08:27:59
2026-04-02 15:34:12,914 - INFO - main - Duplicate entry skipped for user 15558 at 2026-04-02 08:28:31
2026-04-02 15:34:12,946 - INFO - main - Duplicate entry skipped for user 10297 at 2026-04-02 08:29:58
2026-04-02 15:34:12,972 - INFO - main - Duplicate entry skipped for user 10335 at 2026-04-02 08:33:26
2026-04-02 15:34:12,995 - INFO - main - Duplicate entry skipped for user 12014 at 2026-04-02 08:33:40
2026-04-02 15:34:13,030 - INFO - main - Duplicate entry skipped for user 2048 at 2026-04-02 08:33:44
2026-04-02 15:34:13,046 - INFO - main - Duplicate entry skipped for user 14330 at 2026-04-02 08:34:28
2026-04-02 15:34:13,067 - INFO - main - Duplicate entry skipped for user 14452 at 2026-04-02 08:36:12
2026-04-02 15:34:13,101 - INFO - main - Duplicate entry skipped for user 7867 at 2026-04-02 08:39:33
2026-04-02 15:34:13,128 - INFO - main - Duplicate entry skipped for user 8862 at 2026-04-02 08:50:14
2026-04-02 15:34:13,155 - INFO - main - Duplicate entry skipped for user 3081 at 2026-04-02 08:54:19
2026-04-02 15:34:13,179 - INFO - main - Duplicate entry skipped for user 1603 at 2026-04-02 08:57:54
2026-04-02 15:34:13,198 - INFO - main - Duplicate entry skipped for user 15591 at 2026-04-02 09:02:50
2026-04-02 15:34:13,232 - INFO - main - Duplicate entry skipped for user 546 at 2026-04-02 09:03:20
2026-04-02 15:34:13,253 - INFO - main - Duplicate entry skipped for user 41 at 2026-04-02 09:04:50
2026-04-02 15:34:13,280 - INFO - main - Duplicate entry skipped for user 751 at 2026-04-02 09:13:02
2026-04-02 15:34:13,304 - INFO - main - Duplicate entry skipped for user 357 at 2026-04-02 09:15:12
2026-04-02 15:34:13,371 - INFO - main - Duplicate entry skipped for user 15638 at 2026-04-02 09:22:17
2026-04-02 15:34:13,464 - INFO - main - Duplicate entry skipped for user 1007 at 2026-04-02 09:25:35
2026-04-02 15:34:13,560 - INFO - main - Duplicate entry skipped for user 10678 at 2026-04-02 09:27:32
2026-04-02 15:34:13,621 - INFO - main - Duplicate entry skipped for user 1536 at 2026-04-02 09:32:39
2026-04-02 15:34:13,716 - INFO - main - Ignoring new entry before 12 PM for user 1000 at 2026-04-02 11:57:23
2026-04-02 15:34:13,814 - INFO - main - Duplicate entry skipped for user 3337 at 2026-04-02 13:49:08
2026-04-02 15:34:13,871 - INFO - main - Duplicate entry skipped for user 3855 at 2026-04-02 13:49:22
2026-04-02 15:34:13,907 - INFO - main - Duplicate entry skipped for user 10886 at 2026-04-02 13:50:55
2026-04-02 15:34:13,973 - INFO - main - Duplicate entry skipped for user 2397 at 2026-04-02 13:55:29
2026-04-02 15:34:14,029 - INFO - main - Duplicate entry skipped for user 32714 at 2026-04-02 13:56:23
2026-04-02 15:34:14,092 - INFO - main - Duplicate entry skipped for user 77165 at 2026-04-02 13:56:47
2026-04-02 15:34:14,155 - INFO - main - Duplicate entry skipped for user 21782 at 2026-04-02 13:59:30
2026-04-02 15:34:14,228 - INFO - main - Duplicate entry skipped for user 14266 at 2026-04-02 13:59:33
2026-04-02 15:34:14,313 - INFO - main - Duplicate entry skipped for user 330 at 2026-04-02 13:59:40
2026-04-02 15:34:14,385 - INFO - main - Duplicate entry skipped for user 40604 at 2026-04-02 13:59:52
2026-04-02 15:34:14,474 - INFO - main - Duplicate entry skipped for user 15580 at 2026-04-02 13:59:54
2026-04-02 15:34:14,550 - INFO - main - Duplicate entry skipped for user 15581 at 2026-04-02 14:01:49
2026-04-02 15:34:14,622 - INFO - main - Duplicate entry skipped for user 14503 at 2026-04-02 14:02:54
2026-04-02 15:34:14,689 - INFO - main - Duplicate entry skipped for user 1294 at 2026-04-02 14:03:30
2026-04-02 15:34:14,728 - INFO - main - Duplicate entry skipped for user 2244 at 2026-04-02 14:03:35
2026-04-02 15:34:14,816 - INFO - main - Duplicate entry skipped for user 15037 at 2026-04-02 14:04:04
2026-04-02 15:34:14,895 - INFO - main - Duplicate entry skipped for user 8868 at 2026-04-02 14:05:02
2026-04-02 15:34:14,996 - INFO - main - Duplicate entry skipped for user 14337 at 2026-04-02 14:05:11
2026-04-02 15:34:15,093 - INFO - main - Duplicate entry skipped for user 59403 at 2026-04-02 14:05:13
2026-04-02 15:34:15,144 - INFO - main - Duplicate entry skipped for user 52897 at 2026-04-02 14:05:16
2026-04-02 15:34:15,204 - INFO - main - Duplicate entry skipped for user 2239 at 2026-04-02 14:08:02
2026-04-02 15:34:15,300 - INFO - main - Duplicate entry skipped for user 15561 at 2026-04-02 14:09:28
2026-04-02 15:34:15,351 - INFO - main - Duplicate entry skipped for user 8880 at 2026-04-02 14:10:28
2026-04-02 15:34:15,454 - INFO - main - Duplicate entry skipped for user 15549 at 2026-04-02 14:10:37
2026-04-02 15:34:15,592 - INFO - main - Duplicate entry skipped for user 14588 at 2026-04-02 14:12:11
2026-04-02 15:34:15,721 - INFO - main - Duplicate entry skipped for user 15536 at 2026-04-02 14:12:18
2026-04-02 15:34:15,802 - INFO - main - Duplicate entry skipped for user 14497 at 2026-04-02 14:14:36
2026-04-02 15:34:15,846 - INFO - main - Duplicate entry skipped for user 10280 at 2026-04-02 14:19:18
2026-04-02 15:34:16,002 - INFO - main - Duplicate entry skipped for user 15537 at 2026-04-02 14:19:34
2026-04-02 15:34:16,102 - INFO - main - Duplicate entry skipped for user 99316 at 2026-04-02 14:19:50
2026-04-02 15:34:16,203 - INFO - main - Duplicate entry skipped for user 10051 at 2026-04-02 14:19:55
2026-04-02 15:34:16,317 - INFO - main - Duplicate entry skipped for user 2853 at 2026-04-02 14:20:02
2026-04-02 15:34:16,437 - INFO - main - Duplicate entry skipped for user 1873 at 2026-04-02 14:20:23
2026-04-02 15:34:16,513 - INFO - main - Duplicate entry skipped for user 3311 at 2026-04-02 14:33:33
2026-04-02 15:34:16,559 - INFO - main - Duplicate entry skipped for user 11634 at 2026-04-02 15:09:08
2026-04-02 15:34:16,639 - INFO - main - Duplicate entry skipped for user 1291 at 2026-04-02 15:09:29
2026-04-02 15:34:16,762 - INFO - main - Duplicate entry skipped for user 8279 at 2026-04-02 15:09:39
2026-04-02 15:34:17,018 - INFO - main - Attendance records stored in database successfully
2026-04-02 15:34:17,018 - INFO - main - Attendance records fetched successfully
2026-04-02 15:34:17,059 - INFO - main - Disconnected from device
2026-04-02 15:34:17,927 - INFO - main - Duplicate entry skipped for user 3153 at 2026-03-31 05:32:52
2026-04-02 15:34:18,026 - INFO - main - Duplicate entry skipped for user 1075 at 2026-03-31 05:43:42
2026-04-02 15:34:18,079 - INFO - main - Duplicate entry skipped for user 1484 at 2026-03-31 05:49:48
2026-04-02 15:34:18,127 - INFO - main - Duplicate entry skipped for user 12536 at 2026-03-31 05:50:06
2026-04-02 15:34:18,243 - INFO - main - Duplicate entry skipped for user 9276 at 2026-03-31 05:50:31
2026-04-02 15:34:18,327 - INFO - main - Duplicate entry skipped for user 10165 at 2026-03-31 05:50:36
2026-04-02 15:34:18,400 - INFO - main - Duplicate entry skipped for user 10122 at 2026-03-31 05:50:41
2026-04-02 15:34:18,486 - INFO - main - Duplicate entry skipped for user 9295 at 2026-03-31 05:52:24
2026-04-02 15:34:18,555 - INFO - main - Duplicate entry skipped for user 9249 at 2026-03-31 05:53:23
2026-04-02 15:34:18,659 - INFO - main - Duplicate entry skipped for user 14055 at 2026-03-31 05:53:54
2026-04-02 15:34:18,766 - INFO - main - Duplicate entry skipped for user 1094 at 2026-03-31 06:05:04
2026-04-02 15:34:18,859 - INFO - main - Duplicate entry skipped for user 14068 at 2026-03-31 06:05:08
2026-04-02 15:34:18,920 - INFO - main - Duplicate entry skipped for user 1291 at 2026-03-31 06:24:37
2026-04-02 15:34:19,025 - INFO - main - Duplicate entry skipped for user 1002 at 2026-03-31 06:36:08
2026-04-02 15:34:19,106 - INFO - main - Duplicate entry skipped for user 14187 at 2026-03-31 06:36:14
2026-04-02 15:34:19,161 - INFO - main - Duplicate entry skipped for user 14005 at 2026-03-31 06:49:35
2026-04-02 15:34:19,227 - INFO - main - Duplicate entry skipped for user 1580 at 2026-03-31 07:16:20
2026-04-02 15:34:19,333 - INFO - main - Duplicate entry skipped for user 1867 at 2026-03-31 07:27:14
2026-04-02 15:34:19,394 - INFO - main - Duplicate entry skipped for user 15079 at 2026-03-31 07:30:21
2026-04-02 15:34:19,487 - INFO - main - Duplicate entry skipped for user 1446 at 2026-03-31 07:30:33
2026-04-02 15:34:19,549 - INFO - main - Duplicate entry skipped for user 14240 at 2026-03-31 07:30:39
2026-04-02 15:34:19,599 - INFO - main - Duplicate entry skipped for user 9018 at 2026-03-31 07:36:08
2026-04-02 15:34:19,708 - INFO - main - Duplicate entry skipped for user 1001 at 2026-03-31 07:43:15
2026-04-02 15:34:19,753 - INFO - main - Duplicate entry skipped for user 13757 at 2026-03-31 07:46:20
2026-04-02 15:34:19,836 - INFO - main - Duplicate entry skipped for user 13118 at 2026-03-31 07:47:28
2026-04-02 15:34:19,919 - INFO - main - Duplicate entry skipped for user 1296 at 2026-03-31 07:47:37
2026-04-02 15:34:20,023 - INFO - main - Duplicate entry skipped for user 8035 at 2026-03-31 07:55:47
2026-04-02 15:34:20,107 - INFO - main - Duplicate entry skipped for user 1494 at 2026-03-31 07:55:52
2026-04-02 15:34:20,176 - INFO - main - Duplicate entry skipped for user 907 at 2026-03-31 08:01:53
2026-04-02 15:34:20,280 - INFO - main - Duplicate entry skipped for user 11554 at 2026-03-31 08:10:23
2026-04-02 15:34:20,345 - INFO - main - Duplicate entry skipped for user 15041 at 2026-03-31 08:15:29
2026-04-02 15:34:20,437 - INFO - main - Duplicate entry skipped for user 10000 at 2026-03-31 08:16:29
2026-04-02 15:34:20,548 - INFO - main - Duplicate entry skipped for user 1412 at 2026-03-31 08:17:09
2026-04-02 15:34:20,654 - INFO - main - Duplicate entry skipped for user 1576 at 2026-03-31 08:17:46
2026-04-02 15:34:20,729 - INFO - main - Duplicate entry skipped for user 1599 at 2026-03-31 08:19:06
2026-04-02 15:34:20,805 - INFO - main - Duplicate entry skipped for user 13279 at 2026-03-31 08:21:40
2026-04-02 15:34:20,857 - INFO - main - Duplicate entry skipped for user 11620 at 2026-03-31 08:21:53
2026-04-02 15:34:20,903 - INFO - main - Duplicate entry skipped for user 8555 at 2026-03-31 08:23:47
2026-04-02 15:34:21,020 - INFO - main - Duplicate entry skipped for user 1458 at 2026-03-31 08:24:36
2026-04-02 15:34:21,105 - INFO - main - Duplicate entry skipped for user 1170 at 2026-03-31 08:26:38
2026-04-02 15:34:21,175 - INFO - main - Duplicate entry skipped for user 10620 at 2026-03-31 08:26:43
2026-04-02 15:34:21,276 - INFO - main - Duplicate entry skipped for user 8102 at 2026-03-31 08:27:35
2026-04-02 15:34:21,388 - INFO - main - Duplicate entry skipped for user 13278 at 2026-03-31 08:32:52
2026-04-02 15:34:21,490 - INFO - main - Duplicate entry skipped for user 13059 at 2026-03-31 08:33:24
2026-04-02 15:34:21,546 - INFO - main - Duplicate entry skipped for user 8279 at 2026-03-31 08:34:07
2026-04-02 15:34:21,648 - INFO - main - Duplicate entry skipped for user 15042 at 2026-03-31 08:35:17
2026-04-02 15:34:21,731 - INFO - main - Duplicate entry skipped for user 10407 at 2026-03-31 08:38:05
2026-04-02 15:34:21,808 - INFO - main - Duplicate entry skipped for user 10236 at 2026-03-31 08:49:54
2026-04-02 15:34:21,861 - INFO - main - Duplicate entry skipped for user 11762 at 2026-03-31 08:57:14
2026-04-02 15:34:21,915 - INFO - main - Duplicate entry skipped for user 11471 at 2026-03-31 09:11:29
2026-04-02 15:34:22,009 - INFO - main - Duplicate entry skipped for user 230 at 2026-03-31 09:28:27
2026-04-02 15:34:22,071 - INFO - main - Duplicate entry skipped for user 1637 at 2026-03-31 13:28:05
2026-04-02 15:34:22,111 - INFO - main - Duplicate entry skipped for user 10808 at 2026-03-31 13:28:17
2026-04-02 15:34:22,144 - INFO - main - Duplicate entry skipped for user 14005 at 2026-03-31 13:38:26
2026-04-02 15:34:22,227 - INFO - main - Duplicate entry skipped for user 10716 at 2026-03-31 13:49:13
2026-04-02 15:34:22,329 - INFO - main - Duplicate entry skipped for user 10322 at 2026-03-31 13:49:16
2026-04-02 15:34:22,377 - INFO - main - Duplicate entry skipped for user 9295 at 2026-03-31 13:52:03
2026-04-02 15:34:22,481 - INFO - main - Duplicate entry skipped for user 9276 at 2026-03-31 13:52:27
2026-04-02 15:34:22,594 - INFO - main - Duplicate entry skipped for user 10165 at 2026-03-31 13:52:32
2026-04-02 15:34:22,698 - INFO - main - Duplicate entry skipped for user 12536 at 2026-03-31 13:59:56
2026-04-02 15:34:22,750 - INFO - main - Duplicate entry skipped for user 1484 at 2026-03-31 14:00:03
2026-04-02 15:34:23,186 - INFO - main - Duplicate entry skipped for user 1597 at 2026-03-31 14:54:16
2026-04-02 15:34:23,269 - INFO - main - Duplicate entry skipped for user 14187 at 2026-03-31 14:56:32
2026-04-02 15:34:23,310 - INFO - main - Duplicate entry skipped for user 11554 at 2026-03-31 15:34:11
2026-04-02 15:34:23,368 - INFO - main - Duplicate entry skipped for user 10236 at 2026-03-31 15:43:51
2026-04-02 15:34:23,466 - INFO - main - Duplicate entry skipped for user 1412 at 2026-03-31 15:51:16
2026-04-02 15:34:23,497 - INFO - main - Duplicate entry skipped for user 1494 at 2026-03-31 15:51:52
2026-04-02 15:34:23,575 - INFO - main - Duplicate entry skipped for user 13118 at 2026-03-31 15:52:59
2026-04-02 15:34:23,667 - INFO - main - Duplicate entry skipped for user 1580 at 2026-03-31 15:53:14
2026-04-02 15:34:23,727 - INFO - main - Duplicate entry skipped for user 1001 at 2026-03-31 15:53:17
2026-04-02 15:34:23,828 - INFO - main - Duplicate entry skipped for user 13529 at 2026-03-31 15:55:27
2026-04-02 15:34:23,881 - INFO - main - Duplicate entry skipped for user 8035 at 2026-03-31 15:55:31
2026-04-02 15:34:24,028 - INFO - main - Duplicate entry skipped for user 13279 at 2026-03-31 15:56:11
2026-04-02 15:34:24,071 - INFO - main - Duplicate entry skipped for user 11762 at 2026-03-31 15:58:16
2026-04-02 15:34:24,172 - INFO - main - Duplicate entry skipped for user 1296 at 2026-03-31 16:00:25
2026-04-02 15:34:24,248 - INFO - main - Duplicate entry skipped for user 2048 at 2026-03-31 16:00:52
2026-04-02 15:34:24,327 - INFO - main - Duplicate entry skipped for user 11471 at 2026-03-31 16:01:51
2026-04-02 15:34:24,381 - INFO - main - Duplicate entry skipped for user 9748 at 2026-03-31 16:02:30
2026-04-02 15:34:24,468 - INFO - main - Duplicate entry skipped for user 1599 at 2026-03-31 16:02:39
2026-04-02 15:34:24,510 - INFO - main - Duplicate entry skipped for user 810 at 2026-03-31 16:06:16
2026-04-02 15:34:24,637 - INFO - main - Duplicate entry skipped for user 10407 at 2026-03-31 16:09:56
2026-04-02 15:34:24,735 - INFO - main - Duplicate entry skipped for user 13278 at 2026-03-31 16:10:20
2026-04-02 15:34:24,827 - INFO - main - Duplicate entry skipped for user 15042 at 2026-03-31 16:11:01
2026-04-02 15:34:24,877 - INFO - main - Duplicate entry skipped for user 8102 at 2026-03-31 16:12:06
2026-04-02 15:34:24,979 - INFO - main - Duplicate entry skipped for user 1007 at 2026-03-31 16:20:42
2026-04-02 15:34:25,031 - INFO - main - Duplicate entry skipped for user 10620 at 2026-03-31 16:26:08
2026-04-02 15:34:25,076 - INFO - main - Duplicate entry skipped for user 10000 at 2026-03-31 16:29:19
2026-04-02 15:34:25,139 - INFO - main - Duplicate entry skipped for user 352 at 2026-03-31 16:36:21
2026-04-02 15:34:25,215 - INFO - main - Duplicate entry skipped for user 9018 at 2026-03-31 20:49:06
2026-04-02 15:34:25,716 - INFO - main - Duplicate entry skipped for user 1094 at 2026-03-31 21:43:42
2026-04-02 15:34:25,842 - INFO - main - Duplicate entry skipped for user 14068 at 2026-03-31 21:43:50
2026-04-02 15:34:26,026 - INFO - main - Duplicate entry skipped for user 3153 at 2026-03-31 21:50:33
2026-04-02 15:34:26,111 - INFO - main - Duplicate entry skipped for user 9249 at 2026-03-31 21:50:46
2026-04-02 15:34:26,198 - INFO - main - Duplicate entry skipped for user 9666 at 2026-03-31 21:50:50
2026-04-02 15:34:26,247 - INFO - main - Duplicate entry skipped for user 14055 at 2026-03-31 21:50:56
2026-04-02 15:34:26,353 - INFO - main - Duplicate entry skipped for user 10322 at 2026-03-31 21:53:07
2026-04-02 15:34:26,409 - INFO - main - Duplicate entry skipped for user 10716 at 2026-03-31 21:55:22
2026-04-02 15:34:26,461 - INFO - main - Duplicate entry skipped for user 1637 at 2026-03-31 22:07:42
2026-04-02 15:34:26,570 - INFO - main - Duplicate entry skipped for user 10808 at 2026-03-31 22:07:53
2026-04-02 15:34:26,653 - INFO - main - Duplicate entry skipped for user 14055 at 2026-04-01 05:46:32
2026-04-02 15:34:26,827 - INFO - main - Duplicate entry skipped for user 12536 at 2026-04-01 05:49:22
2026-04-02 15:34:26,898 - INFO - main - Duplicate entry skipped for user 1484 at 2026-04-01 05:49:28
2026-04-02 15:34:27,014 - INFO - main - Duplicate entry skipped for user 9276 at 2026-04-01 05:50:17
2026-04-02 15:34:27,067 - INFO - main - Duplicate entry skipped for user 10165 at 2026-04-01 05:50:23
2026-04-02 15:34:27,148 - INFO - main - Duplicate entry skipped for user 9295 at 2026-04-01 05:52:00
2026-04-02 15:34:27,195 - INFO - main - Duplicate entry skipped for user 3153 at 2026-04-01 05:53:42
2026-04-02 15:34:27,376 - INFO - main - Duplicate entry skipped for user 9249 at 2026-04-01 05:53:47
2026-04-02 15:34:27,545 - INFO - main - Duplicate entry skipped for user 1094 at 2026-04-01 06:03:34
2026-04-02 15:34:27,737 - INFO - main - Duplicate entry skipped for user 14068 at 2026-04-01 06:03:42
2026-04-02 15:34:27,768 - INFO - main - Duplicate entry skipped for user 1291 at 2026-04-01 06:24:32
2026-04-02 15:34:27,795 - INFO - main - Duplicate entry skipped for user 1002 at 2026-04-01 06:46:03
2026-04-02 15:34:27,832 - INFO - main - Duplicate entry skipped for user 13118 at 2026-04-01 06:53:29
2026-04-02 15:34:27,849 - INFO - main - Duplicate entry skipped for user 1296 at 2026-04-01 07:17:34
2026-04-02 15:34:27,883 - INFO - main - Duplicate entry skipped for user 1580 at 2026-04-01 07:17:41
2026-04-02 15:34:27,910 - INFO - main - Duplicate entry skipped for user 840 at 2026-04-01 07:18:27
2026-04-02 15:34:27,934 - INFO - main - Duplicate entry skipped for user 1446 at 2026-04-01 07:32:00
2026-04-02 15:34:27,958 - INFO - main - Duplicate entry skipped for user 9018 at 2026-04-01 07:38:06
2026-04-02 15:34:27,979 - INFO - main - Duplicate entry skipped for user 1001 at 2026-04-01 07:45:00
2026-04-02 15:34:28,000 - INFO - main - Duplicate entry skipped for user 1170 at 2026-04-01 07:47:23
2026-04-02 15:34:28,033 - INFO - main - Duplicate entry skipped for user 15042 at 2026-04-01 07:52:51
2026-04-02 15:34:28,060 - INFO - main - Duplicate entry skipped for user 1458 at 2026-04-01 07:56:54
2026-04-02 15:34:28,082 - INFO - main - Duplicate entry skipped for user 13416 at 2026-04-01 07:57:21
2026-04-02 15:34:28,105 - INFO - main - Duplicate entry skipped for user 13757 at 2026-04-01 07:59:50
2026-04-02 15:34:28,129 - INFO - main - Duplicate entry skipped for user 15041 at 2026-04-01 08:03:39
2026-04-02 15:34:28,159 - INFO - main - Duplicate entry skipped for user 8035 at 2026-04-01 08:03:47
2026-04-02 15:34:28,186 - INFO - main - Duplicate entry skipped for user 10407 at 2026-04-01 08:07:27
2026-04-02 15:34:28,219 - INFO - main - Duplicate entry skipped for user 13279 at 2026-04-01 08:12:27
2026-04-02 15:34:28,238 - INFO - main - Duplicate entry skipped for user 11554 at 2026-04-01 08:12:31
2026-04-02 15:34:28,263 - INFO - main - Duplicate entry skipped for user 14194 at 2026-04-01 08:14:45
2026-04-02 15:34:28,295 - INFO - main - Duplicate entry skipped for user 1599 at 2026-04-01 08:21:49
2026-04-02 15:34:28,317 - INFO - main - Duplicate entry skipped for user 5080 at 2026-04-01 08:24:08
2026-04-02 15:34:28,337 - INFO - main - Duplicate entry skipped for user 1412 at 2026-04-01 08:24:11
2026-04-02 15:34:28,365 - INFO - main - Duplicate entry skipped for user 10620 at 2026-04-01 08:28:34
2026-04-02 15:34:28,390 - INFO - main - Duplicate entry skipped for user 10000 at 2026-04-01 08:32:17
2026-04-02 15:34:28,413 - INFO - main - Duplicate entry skipped for user 8555 at 2026-04-01 08:33:33
2026-04-02 15:34:28,442 - INFO - main - Duplicate entry skipped for user 8102 at 2026-04-01 08:38:25
2026-04-02 15:34:28,461 - INFO - main - Duplicate entry skipped for user 11471 at 2026-04-01 08:45:01
2026-04-02 15:34:28,486 - INFO - main - Duplicate entry skipped for user 13059 at 2026-04-01 08:50:28
2026-04-02 15:34:28,513 - INFO - main - Duplicate entry skipped for user 11762 at 2026-04-01 09:04:12
2026-04-02 15:34:28,539 - INFO - main - Duplicate entry skipped for user 10236 at 2026-04-01 09:13:48
2026-04-02 15:34:28,567 - INFO - main - Duplicate entry skipped for user 810 at 2026-04-01 09:53:43
2026-04-02 15:34:28,590 - INFO - main - Duplicate entry skipped for user 14195 at 2026-04-01 10:38:43
2026-04-02 15:34:28,610 - INFO - main - Duplicate entry skipped for user 1637 at 2026-04-01 13:24:39
2026-04-02 15:34:28,634 - INFO - main - Duplicate entry skipped for user 10808 at 2026-04-01 13:29:52
2026-04-02 15:34:28,655 - INFO - main - Duplicate entry skipped for user 10716 at 2026-04-01 13:47:31
2026-04-02 15:34:28,679 - INFO - main - Duplicate entry skipped for user 10322 at 2026-04-01 13:47:34
2026-04-02 15:34:28,702 - INFO - main - Duplicate entry skipped for user 10886 at 2026-04-01 13:49:27
2026-04-02 15:34:28,725 - INFO - main - Duplicate entry skipped for user 14194 at 2026-04-01 13:49:30
2026-04-02 15:34:28,749 - INFO - main - Duplicate entry skipped for user 14005 at 2026-04-01 13:49:54
2026-04-02 15:34:28,770 - INFO - main - Duplicate entry skipped for user 10165 at 2026-04-01 13:50:25
2026-04-02 15:34:28,792 - INFO - main - Duplicate entry skipped for user 10122 at 2026-04-01 13:51:13
2026-04-02 15:34:28,812 - INFO - main - Duplicate entry skipped for user 9276 at 2026-04-01 13:51:37
2026-04-02 15:34:28,830 - INFO - main - Duplicate entry skipped for user 9295 at 2026-04-01 13:51:48
2026-04-02 15:34:28,853 - INFO - main - Duplicate entry skipped for user 12536 at 2026-04-01 13:55:23
2026-04-02 15:34:28,869 - INFO - main - Duplicate entry skipped for user 1484 at 2026-04-01 13:55:32
2026-04-02 15:34:28,888 - INFO - main - Duplicate entry skipped for user 1291 at 2026-04-01 14:35:42
2026-04-02 15:34:28,908 - INFO - main - Duplicate entry skipped for user 1002 at 2026-04-01 15:37:41
2026-04-02 15:34:28,927 - INFO - main - Duplicate entry skipped for user 3081 at 2026-04-01 15:50:59
2026-04-02 15:34:28,950 - INFO - main - Duplicate entry skipped for user 1296 at 2026-04-01 15:52:20
2026-04-02 15:34:28,971 - INFO - main - Duplicate entry skipped for user 1580 at 2026-04-01 15:52:37
2026-04-02 15:34:28,991 - INFO - main - Duplicate entry skipped for user 1576 at 2026-04-01 15:52:44
2026-04-02 15:34:29,015 - INFO - main - Duplicate entry skipped for user 1001 at 2026-04-01 15:52:51
2026-04-02 15:34:29,034 - INFO - main - Duplicate entry skipped for user 1412 at 2026-04-01 15:52:57
2026-04-02 15:34:29,054 - INFO - main - Duplicate entry skipped for user 11762 at 2026-04-01 15:54:01
2026-04-02 15:34:29,071 - INFO - main - Duplicate entry skipped for user 1599 at 2026-04-01 15:55:43
2026-04-02 15:34:29,093 - INFO - main - Duplicate entry skipped for user 5080 at 2026-04-01 15:56:02
2026-04-02 15:34:29,112 - INFO - main - Duplicate entry skipped for user 1170 at 2026-04-01 15:57:20
2026-04-02 15:34:29,135 - INFO - main - Duplicate entry skipped for user 9018 at 2026-04-01 15:59:59
2026-04-02 15:34:29,156 - INFO - main - Duplicate entry skipped for user 8035 at 2026-04-01 16:00:02
2026-04-02 15:34:29,177 - INFO - main - Duplicate entry skipped for user 10620 at 2026-04-01 16:02:23
2026-04-02 15:34:29,202 - INFO - main - Duplicate entry skipped for user 2048 at 2026-04-01 16:04:01
2026-04-02 15:34:29,224 - INFO - main - Duplicate entry skipped for user 11471 at 2026-04-01 16:13:54
2026-04-02 15:34:29,252 - INFO - main - Duplicate entry skipped for user 14195 at 2026-04-01 16:16:57
2026-04-02 15:34:29,279 - INFO - main - Duplicate entry skipped for user 11554 at 2026-04-01 16:18:44
2026-04-02 15:34:29,303 - INFO - main - Duplicate entry skipped for user 10000 at 2026-04-01 16:22:52
2026-04-02 15:34:29,327 - INFO - main - Duplicate entry skipped for user 8102 at 2026-04-01 16:29:32
2026-04-02 15:34:29,352 - INFO - main - Duplicate entry skipped for user 10407 at 2026-04-01 16:46:53
2026-04-02 15:34:29,378 - INFO - main - Duplicate entry skipped for user 13279 at 2026-04-01 16:47:01
2026-04-02 15:34:29,405 - INFO - main - Duplicate entry skipped for user 4404 at 2026-04-01 17:05:50
2026-04-02 15:34:29,433 - INFO - main - Duplicate entry skipped for user 810 at 2026-04-01 17:06:16
2026-04-02 15:34:29,464 - INFO - main - Duplicate entry skipped for user 41 at 2026-04-01 17:45:51
2026-04-02 15:34:29,494 - INFO - main - Duplicate entry skipped for user 10236 at 2026-04-01 18:19:31
2026-04-02 15:34:29,518 - INFO - main - Duplicate entry skipped for user 13278 at 2026-04-01 18:29:32
2026-04-02 15:34:29,545 - INFO - main - Duplicate entry skipped for user 1446 at 2026-04-01 21:00:02
2026-04-02 15:34:29,571 - INFO - main - Duplicate entry skipped for user 15553 at 2026-04-01 21:00:06
2026-04-02 15:34:29,602 - INFO - main - Duplicate entry skipped for user 1094 at 2026-04-01 21:42:58
2026-04-02 15:34:29,631 - INFO - main - Duplicate entry skipped for user 14068 at 2026-04-01 21:43:06
2026-04-02 15:34:29,654 - INFO - main - Duplicate entry skipped for user 3153 at 2026-04-01 21:50:47
2026-04-02 15:34:29,681 - INFO - main - Duplicate entry skipped for user 9666 at 2026-04-01 21:50:52
2026-04-02 15:34:29,705 - INFO - main - Duplicate entry skipped for user 9249 at 2026-04-01 21:50:58
2026-04-02 15:34:29,729 - INFO - main - Duplicate entry skipped for user 14055 at 2026-04-01 21:51:02
2026-04-02 15:34:29,755 - INFO - main - Duplicate entry skipped for user 10716 at 2026-04-01 21:55:30
2026-04-02 15:34:29,780 - INFO - main - Duplicate entry skipped for user 10322 at 2026-04-01 21:55:34
2026-04-02 15:34:29,804 - INFO - main - Duplicate entry skipped for user 1637 at 2026-04-01 22:09:04
2026-04-02 15:34:29,830 - INFO - main - Duplicate entry skipped for user 3153 at 2026-04-02 05:47:36
2026-04-02 15:34:29,862 - INFO - main - Duplicate entry skipped for user 12536 at 2026-04-02 05:48:56
2026-04-02 15:34:29,883 - INFO - main - Duplicate entry skipped for user 1484 at 2026-04-02 05:49:00
2026-04-02 15:34:29,911 - INFO - main - Duplicate entry skipped for user 9276 at 2026-04-02 05:50:04
2026-04-02 15:34:29,935 - INFO - main - Duplicate entry skipped for user 10165 at 2026-04-02 05:50:09
2026-04-02 15:34:29,963 - INFO - main - Duplicate entry skipped for user 9295 at 2026-04-02 05:51:52
2026-04-02 15:34:29,987 - INFO - main - Duplicate entry skipped for user 14055 at 2026-04-02 05:53:09
2026-04-02 15:34:30,011 - INFO - main - Duplicate entry skipped for user 9249 at 2026-04-02 05:53:47
2026-04-02 15:34:30,028 - INFO - main - Duplicate entry skipped for user 1094 at 2026-04-02 06:07:07
2026-04-02 15:34:30,062 - INFO - main - Duplicate entry skipped for user 14068 at 2026-04-02 06:07:52
2026-04-02 15:34:30,083 - INFO - main - Duplicate entry skipped for user 1291 at 2026-04-02 06:16:34
2026-04-02 15:34:30,112 - INFO - main - Duplicate entry skipped for user 1002 at 2026-04-02 06:46:08
2026-04-02 15:34:30,137 - INFO - main - Duplicate entry skipped for user 14187 at 2026-04-02 06:49:10
2026-04-02 15:34:30,161 - INFO - main - Duplicate entry skipped for user 13118 at 2026-04-02 06:50:17
2026-04-02 15:34:30,190 - INFO - main - Duplicate entry skipped for user 1580 at 2026-04-02 07:27:41
2026-04-02 15:34:30,211 - INFO - main - Duplicate entry skipped for user 1001 at 2026-04-02 07:27:46
2026-04-02 15:34:30,238 - INFO - main - Duplicate entry skipped for user 15079 at 2026-04-02 07:36:24
2026-04-02 15:34:30,266 - INFO - main - Duplicate entry skipped for user 840 at 2026-04-02 07:40:50
2026-04-02 15:34:30,289 - INFO - main - Duplicate entry skipped for user 10407 at 2026-04-02 07:43:33
2026-04-02 15:34:30,313 - INFO - main - Duplicate entry skipped for user 13757 at 2026-04-02 07:48:13
2026-04-02 15:34:30,333 - INFO - main - Duplicate entry skipped for user 1170 at 2026-04-02 07:48:39
2026-04-02 15:34:30,359 - INFO - main - Duplicate entry skipped for user 1296 at 2026-04-02 07:52:26
2026-04-02 15:34:30,380 - INFO - main - Duplicate entry skipped for user 15042 at 2026-04-02 07:56:35
2026-04-02 15:34:30,404 - INFO - main - Duplicate entry skipped for user 15131 at 2026-04-02 07:58:56
2026-04-02 15:34:30,440 - INFO - main - Duplicate entry skipped for user 11554 at 2026-04-02 08:00:56
2026-04-02 15:34:30,465 - INFO - main - Duplicate entry skipped for user 1458 at 2026-04-02 08:02:16
2026-04-02 15:34:30,489 - INFO - main - Duplicate entry skipped for user 8035 at 2026-04-02 08:02:43
2026-04-02 15:34:30,507 - INFO - main - Duplicate entry skipped for user 13279 at 2026-04-02 08:03:11
2026-04-02 15:34:30,526 - INFO - main - Duplicate entry skipped for user 13278 at 2026-04-02 08:08:18
2026-04-02 15:34:30,551 - INFO - main - Duplicate entry skipped for user 13416 at 2026-04-02 08:10:35
2026-04-02 15:34:30,580 - INFO - main - Duplicate entry skipped for user 9018 at 2026-04-02 08:16:53
2026-04-02 15:34:30,599 - INFO - main - Duplicate entry skipped for user 15082 at 2026-04-02 08:21:02
2026-04-02 15:34:30,624 - INFO - main - Duplicate entry skipped for user 10000 at 2026-04-02 08:23:51
2026-04-02 15:34:30,647 - INFO - main - Duplicate entry skipped for user 14194 at 2026-04-02 08:26:43
2026-04-02 15:34:30,666 - INFO - main - Duplicate entry skipped for user 5080 at 2026-04-02 08:28:20
2026-04-02 15:34:30,701 - INFO - main - Duplicate entry skipped for user 1412 at 2026-04-02 08:28:49
2026-04-02 15:34:30,726 - INFO - main - Duplicate entry skipped for user 14195 at 2026-04-02 08:30:37
2026-04-02 15:34:30,751 - INFO - main - Duplicate entry skipped for user 1599 at 2026-04-02 08:33:23
2026-04-02 15:34:30,773 - INFO - main - Duplicate entry skipped for user 1576 at 2026-04-02 08:36:52
2026-04-02 15:34:30,804 - INFO - main - Duplicate entry skipped for user 8102 at 2026-04-02 08:38:03
2026-04-02 15:34:30,833 - INFO - main - Duplicate entry skipped for user 13060 at 2026-04-02 08:38:17
2026-04-02 15:34:30,855 - INFO - main - Duplicate entry skipped for user 8279 at 2026-04-02 08:38:25
2026-04-02 15:34:30,880 - INFO - main - Duplicate entry skipped for user 13059 at 2026-04-02 08:41:29
2026-04-02 15:34:30,903 - INFO - main - Duplicate entry skipped for user 10620 at 2026-04-02 08:44:49
2026-04-02 15:34:30,926 - INFO - main - Duplicate entry skipped for user 11471 at 2026-04-02 08:45:06
2026-04-02 15:34:30,952 - INFO - main - Duplicate entry skipped for user 8555 at 2026-04-02 08:46:28
2026-04-02 15:34:30,978 - INFO - main - Duplicate entry skipped for user 11762 at 2026-04-02 09:09:37
2026-04-02 15:34:30,997 - INFO - main - Duplicate entry skipped for user 10236 at 2026-04-02 09:12:41
2026-04-02 15:34:31,062 - INFO - main - Ignoring new entry before 12 PM for user 1002 at 2026-04-02 11:47:17
2026-04-02 15:34:31,088 - INFO - main - Duplicate entry skipped for user 13118 at 2026-04-02 12:10:37
2026-04-02 15:34:31,111 - INFO - main - Duplicate entry skipped for user 1637 at 2026-04-02 13:27:43
2026-04-02 15:34:31,131 - INFO - main - Duplicate entry skipped for user 10808 at 2026-04-02 13:28:51
2026-04-02 15:34:31,162 - INFO - main - Duplicate entry skipped for user 14005 at 2026-04-02 13:42:24
2026-04-02 15:34:31,187 - INFO - main - Duplicate entry skipped for user 12536 at 2026-04-02 13:50:15
2026-04-02 15:34:31,213 - INFO - main - Duplicate entry skipped for user 1484 at 2026-04-02 13:50:28
2026-04-02 15:34:31,234 - INFO - main - Duplicate entry skipped for user 10716 at 2026-04-02 13:50:34
2026-04-02 15:34:31,262 - INFO - main - Duplicate entry skipped for user 10322 at 2026-04-02 13:50:38
2026-04-02 15:34:31,287 - INFO - main - Duplicate entry skipped for user 10122 at 2026-04-02 13:52:14
2026-04-02 15:34:31,317 - INFO - main - Duplicate entry skipped for user 9295 at 2026-04-02 13:53:17
2026-04-02 15:34:31,343 - INFO - main - Duplicate entry skipped for user 10165 at 2026-04-02 13:53:24
2026-04-02 15:34:31,368 - INFO - main - Duplicate entry skipped for user 9276 at 2026-04-02 13:54:06
2026-04-02 15:34:31,396 - INFO - main - Duplicate entry skipped for user 14187 at 2026-04-02 13:59:04
2026-04-02 15:34:31,421 - INFO - main - Duplicate entry skipped for user 8102 at 2026-04-02 15:25:01
2026-04-02 15:34:31,432 - INFO - main - Attendance records stored in database successfully
2026-04-02 15:34:31,432 - INFO - main - Attendance records fetched successfully
2026-04-02 15:34:31,493 - INFO - main - Disconnected from device
2026-04-02 15:34:32,781 - INFO - main - Attendance records stored in database successfully
2026-04-02 15:34:32,781 - INFO - main - Attendance records fetched successfully
2026-04-02 15:34:32,897 - INFO - main - Disconnected from device
